# fingerprint	std	{"class": "collections:deque", "sizeof_1000": 8680, "sizeof_0": 760}
# fingerprint	ring	{"class": "ringdeque:deque", "sizeof_1000": 8288, "sizeof_0": 96}
# fingerprint	array	{"class": "arraydeque:ArrayDeque", "sizeof_1000": 64, "sizeof_0": 64}
0	rotate1_steady	ns_per_op	ring	18	13.2105837890625	0
0	rotate1_steady	ns_per_op	std	18	11.51100244140625	1
0	rotate1_steady	ns_per_op	array	18	21.3356830078125	2
1	rotate1_steady	ns_per_op	std	301392	11.54304580078125	0
1	rotate1_steady	ns_per_op	ring	301392	13.55681123046875	1
1	rotate1_steady	ns_per_op	array	301392	21.306584765625	2
2	rotate1_steady	ns_per_op	std	252	11.51297099609375	0
2	rotate1_steady	ns_per_op	ring	252	13.4997986328125	1
2	rotate1_steady	ns_per_op	array	252	21.22298359375	2
3	append_latency	p50_ns	ring	7	65	0
3	append_latency	p99_ns	ring	7	867	0
3	append_latency	p999_ns	ring	7	867	0
3	append_latency	max_ns	ring	7	867	0
3	append_latency	p50_ns	array	7	136	1
3	append_latency	p99_ns	array	7	467	1
3	append_latency	p999_ns	array	7	467	1
3	append_latency	max_ns	array	7	467	1
3	append_latency	p50_ns	std	7	85	2
3	append_latency	p99_ns	std	7	509	2
3	append_latency	p999_ns	std	7	509	2
3	append_latency	max_ns	std	7	509	2
4	append_popleft_steady	ns_per_op	array	102	7.530336181640625	0
4	append_popleft_steady	ns_per_op	ring	102	7.839521240234375	1
4	append_popleft_steady	ns_per_op	std	102	7.71528203125	2
5	append_popleft_steady	ns_per_op	array	321	7.43568798828125	0
5	append_popleft_steady	ns_per_op	std	321	7.463457763671875	1
5	append_popleft_steady	ns_per_op	ring	321	7.913918798828125	2
6	append_latency	p50_ns	array	8	96	0
6	append_latency	p99_ns	array	8	310	0
6	append_latency	p999_ns	array	8	310	0
6	append_latency	max_ns	array	8	310	0
6	append_latency	p50_ns	std	8	120	1
6	append_latency	p99_ns	std	8	485	1
6	append_latency	p999_ns	std	8	485	1
6	append_latency	max_ns	std	8	485	1
6	append_latency	p50_ns	ring	8	67	2
6	append_latency	p99_ns	ring	8	836	2
6	append_latency	p999_ns	ring	8	836	2
6	append_latency	max_ns	ring	8	836	2
7	append_only	ns_per_op	array	24	11.217774709065756	0
7	append_only	ns_per_op	std	24	10.609519561131796	1
7	append_only	ns_per_op	ring	24	11.806094646453857	2
8	getitem_random	ns_per_op	ring	41777	12.326829711914062	0
8	getitem_random	ns_per_op	std	41777	178.898287109375	1
8	getitem_random	ns_per_op	array	41777	10.725569641113282	2
9	steady_maxlen_latency	p50_ns	ring	478683	50	0
9	steady_maxlen_latency	p99_ns	ring	478683	128	0
9	steady_maxlen_latency	p999_ns	ring	478683	221	0
9	steady_maxlen_latency	max_ns	ring	478683	5446	0
9	steady_maxlen_latency	p50_ns	array	478683	50	1
9	steady_maxlen_latency	p99_ns	array	478683	67	1
9	steady_maxlen_latency	p999_ns	array	478683	828	1
9	steady_maxlen_latency	max_ns	array	478683	1114636	1
9	steady_maxlen_latency	p50_ns	std	478683	52	2
9	steady_maxlen_latency	p99_ns	std	478683	109	2
9	steady_maxlen_latency	p999_ns	std	478683	191	2
9	steady_maxlen_latency	max_ns	std	478683	77395	2
10	getitem_random	ns_per_op	std	17466	58.6008935546875	0
10	getitem_random	ns_per_op	ring	17466	11.769442749023437	1
10	getitem_random	ns_per_op	array	17466	10.524779907226563	2
11	getitem_random	ns_per_op	array	1	8.487941467285156	0
11	getitem_random	ns_per_op	std	1	8.82842706298828	1
11	getitem_random	ns_per_op	ring	1	10.928774291992188	2
12	append_only	ns_per_op	ring	5	26.495590019226075	0
12	append_only	ns_per_op	std	5	21.109614372253418	1
12	append_only	ns_per_op	array	5	20.280584716796874	2
13	getitem_random	ns_per_op	ring	47734	11.940838806152344	0
13	getitem_random	ns_per_op	std	47734	165.4374033203125	1
13	getitem_random	ns_per_op	array	47734	10.995480712890625	2
14	rotate1_steady	ns_per_op	std	915	11.5087291015625	0
14	rotate1_steady	ns_per_op	array	915	22.6109115234375	1
14	rotate1_steady	ns_per_op	ring	915	13.49171474609375	2
15	steady_maxlen_latency	p50_ns	ring	88975	48	0
15	steady_maxlen_latency	p99_ns	ring	88975	72	0
15	steady_maxlen_latency	p999_ns	ring	88975	192	0
15	steady_maxlen_latency	max_ns	ring	88975	4634	0
15	steady_maxlen_latency	p50_ns	std	88975	62	1
15	steady_maxlen_latency	p99_ns	std	88975	99	1
15	steady_maxlen_latency	p999_ns	std	88975	165	1
15	steady_maxlen_latency	max_ns	std	88975	4947	1
15	steady_maxlen_latency	p50_ns	array	88975	82	2
15	steady_maxlen_latency	p99_ns	array	88975	88	2
15	steady_maxlen_latency	p999_ns	array	88975	933	2
15	steady_maxlen_latency	max_ns	array	88975	294235	2
16	getitem_random	ns_per_op	std	42572	145.72137109375	0
16	getitem_random	ns_per_op	array	42572	10.527114685058594	1
16	getitem_random	ns_per_op	ring	42572	12.122544677734375	2
17	append_popleft_steady	ns_per_op	std	908	7.654916552734375	0
17	append_popleft_steady	ns_per_op	ring	908	7.900576904296875	1
17	append_popleft_steady	ns_per_op	array	908	7.439594189453125	2
18	append_popleft_steady	ns_per_op	std	29587	7.699649365234375	0
18	append_popleft_steady	ns_per_op	ring	29587	8.176526953125	1
18	append_popleft_steady	ns_per_op	array	29587	7.501697705078125	2
19	steady_maxlen_latency	p50_ns	array	732751	49	0
19	steady_maxlen_latency	p99_ns	array	732751	132	0
19	steady_maxlen_latency	p999_ns	array	732751	844	0
19	steady_maxlen_latency	max_ns	array	732751	2896240	0
19	steady_maxlen_latency	p50_ns	std	732751	48	1
19	steady_maxlen_latency	p99_ns	std	732751	80	1
19	steady_maxlen_latency	p999_ns	std	732751	186	1
19	steady_maxlen_latency	max_ns	std	732751	15751	1
19	steady_maxlen_latency	p50_ns	ring	732751	52	2
19	steady_maxlen_latency	p99_ns	ring	732751	84	2
19	steady_maxlen_latency	p999_ns	ring	732751	194	2
19	steady_maxlen_latency	max_ns	ring	732751	16897	2
20	getitem_random	ns_per_op	ring	815	15.1168330078125	0
20	getitem_random	ns_per_op	array	815	12.649981201171874	1
20	getitem_random	ns_per_op	std	815	13.359810424804687	2
21	append_latency	p50_ns	std	1	526	0
21	append_latency	p99_ns	std	1	526	0
21	append_latency	p999_ns	std	1	526	0
21	append_latency	max_ns	std	1	526	0
21	append_latency	p50_ns	ring	1	925	1
21	append_latency	p99_ns	ring	1	925	1
21	append_latency	p999_ns	ring	1	925	1
21	append_latency	max_ns	ring	1	925	1
21	append_latency	p50_ns	array	1	362	2
21	append_latency	p99_ns	array	1	362	2
21	append_latency	p999_ns	array	1	362	2
21	append_latency	max_ns	array	1	362	2
22	rotate1_steady	ns_per_op	ring	1674	13.47954814453125	0
22	rotate1_steady	ns_per_op	std	1674	12.4417734375	1
22	rotate1_steady	ns_per_op	array	1674	21.0289873046875	2
23	steady_maxlen_latency	p50_ns	std	732975	49	0
23	steady_maxlen_latency	p99_ns	std	732975	81	0
23	steady_maxlen_latency	p999_ns	std	732975	188	0
23	steady_maxlen_latency	max_ns	std	732975	12594	0
23	steady_maxlen_latency	p50_ns	array	732975	47	1
23	steady_maxlen_latency	p99_ns	array	732975	66	1
23	steady_maxlen_latency	p999_ns	array	732975	865	1
23	steady_maxlen_latency	max_ns	array	732975	1628046	1
23	steady_maxlen_latency	p50_ns	ring	732975	50	2
23	steady_maxlen_latency	p99_ns	ring	732975	80	2
23	steady_maxlen_latency	p999_ns	ring	732975	221	2
23	steady_maxlen_latency	max_ns	ring	732975	5459	2
24	append_latency	p50_ns	ring	11	58	0
24	append_latency	p99_ns	ring	11	3706	0
24	append_latency	p999_ns	ring	11	3706	0
24	append_latency	max_ns	ring	11	3706	0
24	append_latency	p50_ns	array	11	118	1
24	append_latency	p99_ns	array	11	460	1
24	append_latency	p999_ns	array	11	460	1
24	append_latency	max_ns	array	11	460	1
24	append_latency	p50_ns	std	11	55	2
24	append_latency	p99_ns	std	11	449	2
24	append_latency	p999_ns	std	11	449	2
24	append_latency	max_ns	std	11	449	2
25	rotate1_steady	ns_per_op	array	2030	20.9540658203125	0
25	rotate1_steady	ns_per_op	ring	2030	15.914277734375	1
25	rotate1_steady	ns_per_op	std	2030	11.6514216796875	2
26	getitem_random	ns_per_op	std	8682	35.09816650390625	0
26	getitem_random	ns_per_op	ring	8682	12.055083740234375	1
26	getitem_random	ns_per_op	array	8682	11.229546813964843	2
27	getitem_random	ns_per_op	std	428389	1686.218828125	0
27	getitem_random	ns_per_op	ring	428389	12.629181030273438	1
27	getitem_random	ns_per_op	array	428389	13.4841005859375	2
28	rotate1_steady	ns_per_op	std	703401	11.5307958984375	0
28	rotate1_steady	ns_per_op	array	703401	21.0527150390625	1
28	rotate1_steady	ns_per_op	ring	703401	13.22719541015625	2
29	append_popleft_steady	ns_per_op	ring	88	7.812816259765625	0
29	append_popleft_steady	ns_per_op	std	88	8.20555869140625	1
29	append_popleft_steady	ns_per_op	array	88	7.642558544921875	2
30	append_only	ns_per_op	std	292	8.287971757862666	0
30	append_only	ns_per_op	array	292	8.599117540333369	1
30	append_only	ns_per_op	ring	292	9.238418422333181	2
31	append_popleft_steady	ns_per_op	array	3	8.508071484375	0
31	append_popleft_steady	ns_per_op	ring	3	8.0183951171875	1
31	append_popleft_steady	ns_per_op	std	3	7.457867041015625	2
32	append_popleft_steady	ns_per_op	std	29135	7.707838916015625	0
32	append_popleft_steady	ns_per_op	array	29135	7.509552490234375	1
32	append_popleft_steady	ns_per_op	ring	29135	7.94669453125	2
33	append_popleft_steady	ns_per_op	std	2	7.490639208984375	0
33	append_popleft_steady	ns_per_op	array	2	9.64399033203125	1
33	append_popleft_steady	ns_per_op	ring	2	7.9657912109375	2
34	getitem_random	ns_per_op	ring	1122	13.846562866210938	0
34	getitem_random	ns_per_op	std	1122	14.045156005859376	1
34	getitem_random	ns_per_op	array	1122	11.697761657714844	2
35	append_popleft_steady	ns_per_op	ring	5	7.804784912109375	0
35	append_popleft_steady	ns_per_op	array	5	8.14328837890625	1
35	append_popleft_steady	ns_per_op	std	5	7.415177392578125	2
36	getitem_random	ns_per_op	array	240457	11.020052673339844	0
36	getitem_random	ns_per_op	std	240457	2594.267515625	1
36	getitem_random	ns_per_op	ring	240457	12.235525146484376	2
37	steady_maxlen_latency	p50_ns	ring	129	50	0
37	steady_maxlen_latency	p99_ns	ring	129	68	0
37	steady_maxlen_latency	p999_ns	ring	129	87	0
37	steady_maxlen_latency	max_ns	ring	129	2231	0
37	steady_maxlen_latency	p50_ns	array	129	76	1
37	steady_maxlen_latency	p99_ns	array	129	143	1
37	steady_maxlen_latency	p999_ns	array	129	217	1
37	steady_maxlen_latency	max_ns	array	129	3119	1
37	steady_maxlen_latency	p50_ns	std	129	73	2
37	steady_maxlen_latency	p99_ns	std	129	84	2
37	steady_maxlen_latency	p999_ns	std	129	99	2
37	steady_maxlen_latency	max_ns	std	129	2273	2
38	append_popleft_steady	ns_per_op	std	74826	7.6227609375	0
38	append_popleft_steady	ns_per_op	array	74826	7.526891748046875	1
38	append_popleft_steady	ns_per_op	ring	74826	7.989257275390625	2
39	append_latency	p50_ns	std	83525	46	0
39	append_latency	p99_ns	std	83525	74	0
39	append_latency	p999_ns	std	83525	786	0
39	append_latency	max_ns	std	83525	30874	0
39	append_latency	p50_ns	array	83525	72	1
39	append_latency	p99_ns	array	83525	84	1
39	append_latency	p999_ns	array	83525	1231	1
39	append_latency	max_ns	array	83525	268933	1
39	append_latency	p50_ns	ring	83525	46	2
39	append_latency	p99_ns	ring	83525	94	2
39	append_latency	p999_ns	ring	83525	868	2
39	append_latency	max_ns	ring	83525	176602	2
40	rotate1_steady	ns_per_op	std	6673	11.51212333984375	0
40	rotate1_steady	ns_per_op	ring	6673	13.4125142578125	1
40	rotate1_steady	ns_per_op	array	6673	21.019181640625	2
41	steady_maxlen_latency	p50_ns	array	519772	48	0
41	steady_maxlen_latency	p99_ns	array	519772	81	0
41	steady_maxlen_latency	p999_ns	array	519772	932	0
41	steady_maxlen_latency	max_ns	array	519772	2015763	0
41	steady_maxlen_latency	p50_ns	std	519772	50	1
41	steady_maxlen_latency	p99_ns	std	519772	127	1
41	steady_maxlen_latency	p999_ns	std	519772	221	1
41	steady_maxlen_latency	max_ns	std	519772	11100	1
41	steady_maxlen_latency	p50_ns	ring	519772	50	2
41	steady_maxlen_latency	p99_ns	ring	519772	127	2
41	steady_maxlen_latency	p999_ns	ring	519772	224	2
41	steady_maxlen_latency	max_ns	ring	519772	5018	2
42	steady_maxlen_latency	p50_ns	std	4201	48	0
42	steady_maxlen_latency	p99_ns	std	4201	58	0
42	steady_maxlen_latency	p999_ns	std	4201	123	0
42	steady_maxlen_latency	max_ns	std	4201	2866	0
42	steady_maxlen_latency	p50_ns	ring	4201	49	1
42	steady_maxlen_latency	p99_ns	ring	4201	64	1
42	steady_maxlen_latency	p999_ns	ring	4201	81	1
42	steady_maxlen_latency	max_ns	ring	4201	391	1
42	steady_maxlen_latency	p50_ns	array	4201	73	2
42	steady_maxlen_latency	p99_ns	array	4201	78	2
42	steady_maxlen_latency	p999_ns	array	4201	1311	2
42	steady_maxlen_latency	max_ns	array	4201	15586	2
43	rotate1_steady	ns_per_op	ring	132	13.35755986328125	0
43	rotate1_steady	ns_per_op	array	132	20.981158984375	1
43	rotate1_steady	ns_per_op	std	132	11.5378091796875	2
44	append_latency	p50_ns	array	14254	48	0
44	append_latency	p99_ns	array	14254	71	0
44	append_latency	p999_ns	array	14254	951	0
44	append_latency	max_ns	array	14254	33095	0
44	append_latency	p50_ns	std	14254	75	1
44	append_latency	p99_ns	std	14254	109	1
44	append_latency	p999_ns	std	14254	1318	1
44	append_latency	max_ns	std	14254	30761	1
44	append_latency	p50_ns	ring	14254	70	2
44	append_latency	p99_ns	ring	14254	84	2
44	append_latency	p999_ns	ring	14254	1323	2
44	append_latency	max_ns	ring	14254	24577	2
45	rotate1_steady	ns_per_op	ring	1	9.148401220703125	0
45	rotate1_steady	ns_per_op	array	1	19.6748927734375	1
45	rotate1_steady	ns_per_op	std	1	9.65195791015625	2
46	getitem_random	ns_per_op	ring	23	11.055249389648438	0
46	getitem_random	ns_per_op	array	23	8.47028839111328	1
46	getitem_random	ns_per_op	std	23	11.91221844482422	2
47	append_only	ns_per_op	array	263	8.3799119376411	0
47	append_only	ns_per_op	ring	263	8.701065469604028	1
47	append_only	ns_per_op	std	263	7.788573696586115	2
48	append_popleft_steady	ns_per_op	std	10048	7.60799951171875	0
48	append_popleft_steady	ns_per_op	array	10048	7.37430087890625	1
48	append_popleft_steady	ns_per_op	ring	10048	7.92956904296875	2
49	getitem_random	ns_per_op	ring	209808	12.528967407226563	0
49	getitem_random	ns_per_op	array	209808	10.538433410644531	1
49	getitem_random	ns_per_op	std	209808	2266.321375	2
50	append_latency	p50_ns	ring	242708	47	0
50	append_latency	p99_ns	ring	242708	69	0
50	append_latency	p999_ns	ring	242708	756	0
50	append_latency	max_ns	ring	242708	375550	0
50	append_latency	p50_ns	array	242708	70	1
50	append_latency	p99_ns	array	242708	85	1
50	append_latency	p999_ns	array	242708	979	1
50	append_latency	max_ns	array	242708	834604	1
50	append_latency	p50_ns	std	242708	46	2
50	append_latency	p99_ns	std	242708	75	2
50	append_latency	p999_ns	std	242708	892	2
50	append_latency	max_ns	std	242708	3306	2
51	getitem_random	ns_per_op	array	734812	11.412923461914062	0
51	getitem_random	ns_per_op	std	734812	8832.691375	1
51	getitem_random	ns_per_op	ring	734812	12.600375	2
52	append_only	ns_per_op	array	412372	20.84887249861775	0
52	append_only	ns_per_op	ring	412372	26.790689595801847	1
52	append_only	ns_per_op	std	412372	23.200153774989573	2
53	steady_maxlen_latency	p50_ns	array	2	53	0
53	steady_maxlen_latency	p99_ns	array	2	73	0
53	steady_maxlen_latency	p999_ns	array	2	77	0
53	steady_maxlen_latency	max_ns	array	2	3265	0
53	steady_maxlen_latency	p50_ns	std	2	73	1
53	steady_maxlen_latency	p99_ns	std	2	83	1
53	steady_maxlen_latency	p999_ns	std	2	119	1
53	steady_maxlen_latency	max_ns	std	2	4314	1
53	steady_maxlen_latency	p50_ns	ring	2	50	2
53	steady_maxlen_latency	p99_ns	ring	2	53	2
53	steady_maxlen_latency	p999_ns	ring	2	106	2
53	steady_maxlen_latency	max_ns	ring	2	2805	2
54	append_popleft_steady	ns_per_op	std	34	7.514240185546875	0
54	append_popleft_steady	ns_per_op	ring	34	8.03154150390625	1
54	append_popleft_steady	ns_per_op	array	34	13.0899154296875	2
55	append_popleft_steady	ns_per_op	array	11	7.73603369140625	0
55	append_popleft_steady	ns_per_op	std	11	7.52704658203125	1
55	append_popleft_steady	ns_per_op	ring	11	7.81758134765625	2
56	steady_maxlen_latency	p50_ns	array	3972	74	0
56	steady_maxlen_latency	p99_ns	array	3972	78	0
56	steady_maxlen_latency	p999_ns	array	3972	534	0
56	steady_maxlen_latency	max_ns	array	3972	16584	0
56	steady_maxlen_latency	p50_ns	std	3972	74	1
56	steady_maxlen_latency	p99_ns	std	3972	85	1
56	steady_maxlen_latency	p999_ns	std	3972	112	1
56	steady_maxlen_latency	max_ns	std	3972	3280	1
56	steady_maxlen_latency	p50_ns	ring	3972	74	2
56	steady_maxlen_latency	p99_ns	ring	3972	78	2
56	steady_maxlen_latency	p999_ns	ring	3972	134	2
56	steady_maxlen_latency	max_ns	ring	3972	4018	2
57	steady_maxlen_latency	p50_ns	ring	1	48	0
57	steady_maxlen_latency	p99_ns	ring	1	50	0
57	steady_maxlen_latency	p999_ns	ring	1	85	0
57	steady_maxlen_latency	max_ns	ring	1	336	0
57	steady_maxlen_latency	p50_ns	array	1	88	1
57	steady_maxlen_latency	p99_ns	array	1	91	1
57	steady_maxlen_latency	p999_ns	array	1	140	1
57	steady_maxlen_latency	max_ns	array	1	467	1
57	steady_maxlen_latency	p50_ns	std	1	48	2
57	steady_maxlen_latency	p99_ns	std	1	58	2
57	steady_maxlen_latency	p999_ns	std	1	137	2
57	steady_maxlen_latency	max_ns	std	1	2757	2
58	steady_maxlen_latency	p50_ns	std	11667	83	0
58	steady_maxlen_latency	p99_ns	std	11667	93	0
58	steady_maxlen_latency	p999_ns	std	11667	105	0
58	steady_maxlen_latency	max_ns	std	11667	4354	0
58	steady_maxlen_latency	p50_ns	ring	11667	73	1
58	steady_maxlen_latency	p99_ns	ring	11667	76	1
58	steady_maxlen_latency	p999_ns	ring	11667	119	1
58	steady_maxlen_latency	max_ns	ring	11667	467	1
58	steady_maxlen_latency	p50_ns	array	11667	48	2
58	steady_maxlen_latency	p99_ns	array	11667	67	2
58	steady_maxlen_latency	p999_ns	array	11667	589	2
58	steady_maxlen_latency	max_ns	array	11667	35368	2
59	append_popleft_steady	ns_per_op	std	170	7.640817333984375	0
59	append_popleft_steady	ns_per_op	array	170	7.581836669921875	1
59	append_popleft_steady	ns_per_op	ring	170	7.949119775390625	2
60	append_only	ns_per_op	array	20485	14.418777840493044	0
60	append_only	ns_per_op	ring	20485	16.074736659445936	1
60	append_only	ns_per_op	std	20485	13.079106568068099	2
61	steady_maxlen_latency	p50_ns	std	9	50	0
61	steady_maxlen_latency	p99_ns	std	9	59	0
61	steady_maxlen_latency	p999_ns	std	9	91	0
61	steady_maxlen_latency	max_ns	std	9	2520	0
61	steady_maxlen_latency	p50_ns	array	9	48	1
61	steady_maxlen_latency	p99_ns	array	9	66	1
61	steady_maxlen_latency	p999_ns	array	9	82	1
61	steady_maxlen_latency	max_ns	array	9	4312	1
61	steady_maxlen_latency	p50_ns	ring	9	50	2
61	steady_maxlen_latency	p99_ns	ring	9	69	2
61	steady_maxlen_latency	p999_ns	ring	9	97	2
61	steady_maxlen_latency	max_ns	ring	9	4323	2
62	rotate1_steady	ns_per_op	ring	560	13.4741466796875	0
62	rotate1_steady	ns_per_op	std	560	11.55689306640625	1
62	rotate1_steady	ns_per_op	array	560	21.481590234375	2
63	append_popleft_steady	ns_per_op	array	191297	7.625144140625	0
63	append_popleft_steady	ns_per_op	std	191297	7.58924873046875	1
63	append_popleft_steady	ns_per_op	ring	191297	8.103721533203124	2
64	getitem_random	ns_per_op	std	961632	11883.3829375	0
64	getitem_random	ns_per_op	ring	961632	12.931673095703125	1
64	getitem_random	ns_per_op	array	961632	11.220369506835938	2
65	getitem_random	ns_per_op	array	4074	10.763817016601562	0
65	getitem_random	ns_per_op	std	4074	19.26484704589844	1
65	getitem_random	ns_per_op	ring	4074	12.43288623046875	2
66	rotate1_steady	ns_per_op	ring	7	14.1097845703125	0
66	rotate1_steady	ns_per_op	std	7	11.56747353515625	1
66	rotate1_steady	ns_per_op	array	7	21.1210833984375	2
67	steady_maxlen_latency	p50_ns	array	3	52	0
67	steady_maxlen_latency	p99_ns	array	3	73	0
67	steady_maxlen_latency	p999_ns	array	3	95	0
67	steady_maxlen_latency	max_ns	array	3	380	0
67	steady_maxlen_latency	p50_ns	std	3	71	1
67	steady_maxlen_latency	p99_ns	std	3	81	1
67	steady_maxlen_latency	p999_ns	std	3	113	1
67	steady_maxlen_latency	max_ns	std	3	4171	1
67	steady_maxlen_latency	p50_ns	ring	3	49	2
67	steady_maxlen_latency	p99_ns	ring	3	60	2
67	steady_maxlen_latency	p999_ns	ring	3	69	2
67	steady_maxlen_latency	max_ns	ring	3	2637	2
68	rotate1_steady	ns_per_op	array	2175	21.086719140625	0
68	rotate1_steady	ns_per_op	ring	2175	13.373269921875	1
68	rotate1_steady	ns_per_op	std	2175	11.55280712890625	2
69	steady_maxlen_latency	p50_ns	std	7	51	0
69	steady_maxlen_latency	p99_ns	std	7	60	0
69	steady_maxlen_latency	p999_ns	std	7	166	0
69	steady_maxlen_latency	max_ns	std	7	2790	0
69	steady_maxlen_latency	p50_ns	ring	7	49	1
69	steady_maxlen_latency	p99_ns	ring	7	60	1
69	steady_maxlen_latency	p999_ns	ring	7	66	1
69	steady_maxlen_latency	max_ns	ring	7	347	1
69	steady_maxlen_latency	p50_ns	array	7	54	2
69	steady_maxlen_latency	p99_ns	array	7	76	2
69	steady_maxlen_latency	p999_ns	array	7	87	2
69	steady_maxlen_latency	max_ns	array	7	336	2
70	rotate1_steady	ns_per_op	array	26866	20.99668125	0
70	rotate1_steady	ns_per_op	std	26866	11.576793359375	1
70	rotate1_steady	ns_per_op	ring	26866	13.5674533203125	2
71	getitem_random	ns_per_op	std	92576	672.2694609375	0
71	getitem_random	ns_per_op	ring	92576	12.206265258789063	1
71	getitem_random	ns_per_op	array	92576	10.68926708984375	2
72	steady_maxlen_latency	p50_ns	std	25948	48	0
72	steady_maxlen_latency	p99_ns	std	25948	65	0
72	steady_maxlen_latency	p999_ns	std	25948	143	0
72	steady_maxlen_latency	max_ns	std	25948	3380	0
72	steady_maxlen_latency	p50_ns	ring	25948	51	1
72	steady_maxlen_latency	p99_ns	ring	25948	67	1
72	steady_maxlen_latency	p999_ns	ring	25948	179	1
72	steady_maxlen_latency	max_ns	ring	25948	3335	1
72	steady_maxlen_latency	p50_ns	array	25948	72	2
72	steady_maxlen_latency	p99_ns	array	25948	77	2
72	steady_maxlen_latency	p999_ns	array	25948	890	2
72	steady_maxlen_latency	max_ns	array	25948	121782	2
73	append_only	ns_per_op	ring	37	10.674154126966322	0
73	append_only	ns_per_op	array	37	9.854074375049487	1
73	append_only	ns_per_op	std	37	9.762877026119748	2
74	getitem_random	ns_per_op	ring	38	11.016106567382813	0
74	getitem_random	ns_per_op	array	38	8.478816040039062	1
74	getitem_random	ns_per_op	std	38	12.040133666992187	2
75	rotate1_steady	ns_per_op	std	27	11.4861345703125	0
75	rotate1_steady	ns_per_op	ring	27	13.5305537109375	1
75	rotate1_steady	ns_per_op	array	27	21.1867634765625	2
76	getitem_random	ns_per_op	array	9	8.48941912841797	0
76	getitem_random	ns_per_op	ring	9	11.011622741699219	1
76	getitem_random	ns_per_op	std	9	11.21038409423828	2
77	append_latency	p50_ns	array	5	199	0
77	append_latency	p99_ns	array	5	301	0
77	append_latency	p999_ns	array	5	301	0
77	append_latency	max_ns	array	5	301	0
77	append_latency	p50_ns	ring	5	125	1
77	append_latency	p99_ns	ring	5	680	1
77	append_latency	p999_ns	ring	5	680	1
77	append_latency	max_ns	ring	5	680	1
77	append_latency	p50_ns	std	5	108	2
77	append_latency	p99_ns	std	5	258	2
77	append_latency	p999_ns	std	5	258	2
77	append_latency	max_ns	std	5	258	2
78	steady_maxlen_latency	p50_ns	array	130	76	0
78	steady_maxlen_latency	p99_ns	array	130	139	0
78	steady_maxlen_latency	p999_ns	array	130	226	0
78	steady_maxlen_latency	max_ns	array	130	499	0
78	steady_maxlen_latency	p50_ns	ring	130	51	1
78	steady_maxlen_latency	p99_ns	ring	130	60	1
78	steady_maxlen_latency	p999_ns	ring	130	91	1
78	steady_maxlen_latency	max_ns	ring	130	327	1
78	steady_maxlen_latency	p50_ns	std	130	48	2
78	steady_maxlen_latency	p99_ns	std	130	84	2
78	steady_maxlen_latency	p999_ns	std	130	131	2
78	steady_maxlen_latency	max_ns	std	130	67271	2
79	append_popleft_steady	ns_per_op	array	1636	7.442725634765625	0
79	append_popleft_steady	ns_per_op	std	1636	7.723882861328125	1
79	append_popleft_steady	ns_per_op	ring	1636	7.931801416015625	2
80	append_popleft_steady	ns_per_op	ring	35618	7.981392626953125	0
80	append_popleft_steady	ns_per_op	array	35618	7.48403603515625	1
80	append_popleft_steady	ns_per_op	std	35618	7.802024951171875	2
81	getitem_random	ns_per_op	std	4	11.130310424804687	0
81	getitem_random	ns_per_op	ring	4	11.013876403808593	1
81	getitem_random	ns_per_op	array	4	8.516579345703125	2
82	append_only	ns_per_op	ring	494580	26.685778589914676	0
82	append_only	ns_per_op	array	494580	22.421986458206963	1
82	append_only	ns_per_op	std	494580	22.104182336527963	2
83	rotate1_steady	ns_per_op	std	2	11.48444794921875	0
83	rotate1_steady	ns_per_op	array	2	21.0906927734375	1
83	rotate1_steady	ns_per_op	ring	2	13.78582197265625	2
84	getitem_random	ns_per_op	ring	2	11.031564208984374	0
84	getitem_random	ns_per_op	array	2	8.474053466796875	1
84	getitem_random	ns_per_op	std	2	11.769513916015624	2
85	append_latency	p50_ns	array	272	70	0
85	append_latency	p99_ns	array	272	289	0
85	append_latency	p999_ns	array	272	422	0
85	append_latency	max_ns	array	272	422	0
85	append_latency	p50_ns	ring	272	45	1
85	append_latency	p99_ns	ring	272	179	1
85	append_latency	p999_ns	ring	272	781	1
85	append_latency	max_ns	ring	272	781	1
85	append_latency	p50_ns	std	272	76	2
85	append_latency	p99_ns	std	272	243	2
85	append_latency	p999_ns	std	272	468	2
85	append_latency	max_ns	std	272	468	2
86	append_popleft_steady	ns_per_op	std	12	7.8466416015625	0
86	append_popleft_steady	ns_per_op	array	12	7.700146533203125	1
86	append_popleft_steady	ns_per_op	ring	12	7.78084423828125	2
87	append_latency	p50_ns	std	910049	46	0
87	append_latency	p99_ns	std	910049	74	0
87	append_latency	p999_ns	std	910049	847	0
87	append_latency	max_ns	std	910049	155250	0
87	append_latency	p50_ns	ring	910049	47	1
87	append_latency	p99_ns	ring	910049	78	1
87	append_latency	p999_ns	ring	910049	794	1
87	append_latency	max_ns	ring	910049	1338713	1
87	append_latency	p50_ns	array	910049	45	2
87	append_latency	p99_ns	array	910049	76	2
87	append_latency	p999_ns	array	910049	773	2
87	append_latency	max_ns	array	910049	1678802	2
88	getitem_random	ns_per_op	std	54	12.53669091796875	0
88	getitem_random	ns_per_op	ring	54	11.003070434570313	1
88	getitem_random	ns_per_op	array	54	8.466517578125	2
89	getitem_random	ns_per_op	std	10910	37.55198120117188	0
89	getitem_random	ns_per_op	array	10910	10.458524047851563	1
89	getitem_random	ns_per_op	ring	10910	11.890189270019532	2
90	steady_maxlen_latency	p50_ns	array	178	51	0
90	steady_maxlen_latency	p99_ns	array	178	112	0
90	steady_maxlen_latency	p999_ns	array	178	169	0
90	steady_maxlen_latency	max_ns	array	178	382	0
90	steady_maxlen_latency	p50_ns	std	178	75	1
90	steady_maxlen_latency	p99_ns	std	178	86	1
90	steady_maxlen_latency	p999_ns	std	178	130	1
90	steady_maxlen_latency	max_ns	std	178	4769	1
90	steady_maxlen_latency	p50_ns	ring	178	78	2
90	steady_maxlen_latency	p99_ns	ring	178	86	2
90	steady_maxlen_latency	p999_ns	ring	178	124	2
90	steady_maxlen_latency	max_ns	ring	178	2701	2
91	append_latency	p50_ns	ring	6330	52	0
91	append_latency	p99_ns	ring	6330	75	0
91	append_latency	p999_ns	ring	6330	933	0
91	append_latency	max_ns	ring	6330	5119	0
91	append_latency	p50_ns	std	6330	47	1
91	append_latency	p99_ns	std	6330	76	1
91	append_latency	p999_ns	std	6330	198	1
91	append_latency	max_ns	std	6330	2319	1
91	append_latency	p50_ns	array	6330	73	2
91	append_latency	p99_ns	array	6330	91	2
91	append_latency	p999_ns	array	6330	1611	2
91	append_latency	max_ns	array	6330	14915	2
92	append_latency	p50_ns	array	1	262	0
92	append_latency	p99_ns	array	1	262	0
92	append_latency	p999_ns	array	1	262	0
92	append_latency	max_ns	array	1	262	0
92	append_latency	p50_ns	std	1	349	1
92	append_latency	p99_ns	std	1	349	1
92	append_latency	p999_ns	std	1	349	1
92	append_latency	max_ns	std	1	349	1
92	append_latency	p50_ns	ring	1	706	2
92	append_latency	p99_ns	ring	1	706	2
92	append_latency	p999_ns	ring	1	706	2
92	append_latency	max_ns	ring	1	706	2
93	append_popleft_steady	ns_per_op	std	5501	7.57586591796875	0
93	append_popleft_steady	ns_per_op	array	5501	7.508034423828125	1
93	append_popleft_steady	ns_per_op	ring	5501	7.9835076171875	2
94	steady_maxlen_latency	p50_ns	std	25361	49	0
94	steady_maxlen_latency	p99_ns	std	25361	114	0
94	steady_maxlen_latency	p999_ns	std	25361	185	0
94	steady_maxlen_latency	max_ns	std	25361	3425	0
94	steady_maxlen_latency	p50_ns	array	25361	48	1
94	steady_maxlen_latency	p99_ns	array	25361	67	1
94	steady_maxlen_latency	p999_ns	array	25361	589	1
94	steady_maxlen_latency	max_ns	array	25361	100286	1
94	steady_maxlen_latency	p50_ns	ring	25361	50	2
94	steady_maxlen_latency	p99_ns	ring	25361	79	2
94	steady_maxlen_latency	p999_ns	ring	25361	170	2
94	steady_maxlen_latency	max_ns	ring	25361	1919	2
95	append_latency	p50_ns	array	13	59	0
95	append_latency	p99_ns	array	13	281	0
95	append_latency	p999_ns	array	13	281	0
95	append_latency	max_ns	array	13	281	0
95	append_latency	p50_ns	ring	13	82	1
95	append_latency	p99_ns	ring	13	1105	1
95	append_latency	p999_ns	ring	13	1105	1
95	append_latency	max_ns	ring	13	1105	1
95	append_latency	p50_ns	std	13	48	2
95	append_latency	p99_ns	std	13	348	2
95	append_latency	p999_ns	std	13	348	2
95	append_latency	max_ns	std	13	348	2
96	steady_maxlen_latency	p50_ns	array	18112	73	0
96	steady_maxlen_latency	p99_ns	array	18112	78	0
96	steady_maxlen_latency	p999_ns	array	18112	1008	0
96	steady_maxlen_latency	max_ns	array	18112	80715	0
96	steady_maxlen_latency	p50_ns	std	18112	48	1
96	steady_maxlen_latency	p99_ns	std	18112	79	1
96	steady_maxlen_latency	p999_ns	std	18112	172	1
96	steady_maxlen_latency	max_ns	std	18112	1854	1
96	steady_maxlen_latency	p50_ns	ring	18112	48	2
96	steady_maxlen_latency	p99_ns	ring	18112	66	2
96	steady_maxlen_latency	p999_ns	ring	18112	169	2
96	steady_maxlen_latency	max_ns	ring	18112	17153	2
97	append_popleft_steady	ns_per_op	std	2	10.124965283203124	0
97	append_popleft_steady	ns_per_op	ring	2	7.983235107421875	1
97	append_popleft_steady	ns_per_op	array	2	9.670006103515625	2
98	rotate1_steady	ns_per_op	std	6339	11.5177376953125	0
98	rotate1_steady	ns_per_op	array	6339	21.1137431640625	1
98	rotate1_steady	ns_per_op	ring	6339	13.4057310546875	2
99	append_only	ns_per_op	std	9	15.213626013861763	0
99	append_only	ns_per_op	array	9	15.164381874932182	1
99	append_only	ns_per_op	ring	9	16.427161004808212	2
100	steady_maxlen_latency	p50_ns	array	6	58	0
100	steady_maxlen_latency	p99_ns	array	6	78	0
100	steady_maxlen_latency	p999_ns	array	6	92	0
100	steady_maxlen_latency	max_ns	array	6	3125	0
100	steady_maxlen_latency	p50_ns	ring	6	79	1
100	steady_maxlen_latency	p99_ns	ring	6	90	1
100	steady_maxlen_latency	p999_ns	ring	6	121	1
100	steady_maxlen_latency	max_ns	ring	6	4102	1
100	steady_maxlen_latency	p50_ns	std	6	51	2
100	steady_maxlen_latency	p99_ns	std	6	62	2
100	steady_maxlen_latency	p999_ns	std	6	70	2
100	steady_maxlen_latency	max_ns	std	6	2197	2
101	getitem_random	ns_per_op	std	529745	6396.00925	0
101	getitem_random	ns_per_op	array	529745	10.962455261230469	1
101	getitem_random	ns_per_op	ring	529745	12.572058227539063	2
102	steady_maxlen_latency	p50_ns	array	28859	50	0
102	steady_maxlen_latency	p99_ns	array	28859	76	0
102	steady_maxlen_latency	p999_ns	array	28859	606	0
102	steady_maxlen_latency	max_ns	array	28859	65855	0
102	steady_maxlen_latency	p50_ns	ring	28859	48	1
102	steady_maxlen_latency	p99_ns	ring	28859	66	1
102	steady_maxlen_latency	p999_ns	ring	28859	182	1
102	steady_maxlen_latency	max_ns	ring	28859	2222	1
102	steady_maxlen_latency	p50_ns	std	28859	76	2
102	steady_maxlen_latency	p99_ns	std	28859	86	2
102	steady_maxlen_latency	p999_ns	std	28859	160	2
102	steady_maxlen_latency	max_ns	std	28859	3260	2
103	append_latency	p50_ns	ring	4634	46	0
103	append_latency	p99_ns	ring	4634	69	0
103	append_latency	p999_ns	ring	4634	857	0
103	append_latency	max_ns	ring	4634	2333	0
103	append_latency	p50_ns	array	4634	70	1
103	append_latency	p99_ns	array	4634	93	1
103	append_latency	p999_ns	array	4634	899	1
103	append_latency	max_ns	array	4634	6759	1
103	append_latency	p50_ns	std	4634	76	2
103	append_latency	p99_ns	std	4634	111	2
103	append_latency	p999_ns	std	4634	322	2
103	append_latency	max_ns	std	4634	2987	2
104	append_popleft_steady	ns_per_op	ring	51	7.820337451171875	0
104	append_popleft_steady	ns_per_op	array	51	7.605326611328125	1
104	append_popleft_steady	ns_per_op	std	51	7.5087380859375	2
105	getitem_random	ns_per_op	std	537154	2203.17878125	0
105	getitem_random	ns_per_op	array	537154	11.081668212890625	1
105	getitem_random	ns_per_op	ring	537154	12.629714965820312	2
106	getitem_random	ns_per_op	std	210	12.527938232421874	0
106	getitem_random	ns_per_op	array	210	8.480577392578125	1
106	getitem_random	ns_per_op	ring	210	11.04823486328125	2
107	append_latency	p50_ns	array	917	51	0
107	append_latency	p99_ns	array	917	141	0
107	append_latency	p999_ns	array	917	470	0
107	append_latency	max_ns	array	917	470	0
107	append_latency	p50_ns	std	917	45	1
107	append_latency	p99_ns	std	917	89	1
107	append_latency	p999_ns	std	917	243	1
107	append_latency	max_ns	std	917	243	1
107	append_latency	p50_ns	ring	917	47	2
107	append_latency	p99_ns	ring	917	98	2
107	append_latency	p999_ns	ring	917	940	2
107	append_latency	max_ns	ring	917	940	2
108	append_latency	p50_ns	array	6770	47	0
108	append_latency	p99_ns	array	6770	69	0
108	append_latency	p999_ns	array	6770	839	0
108	append_latency	max_ns	array	6770	5970	0
108	append_latency	p50_ns	ring	6770	50	1
108	append_latency	p99_ns	ring	6770	74	1
108	append_latency	p999_ns	ring	6770	746	1
108	append_latency	max_ns	ring	6770	5007	1
108	append_latency	p50_ns	std	6770	47	2
108	append_latency	p99_ns	std	6770	73	2
108	append_latency	p999_ns	std	6770	177	2
108	append_latency	max_ns	std	6770	4270	2
109	append_latency	p50_ns	array	70	44	0
109	append_latency	p99_ns	array	70	313	0
109	append_latency	p999_ns	array	70	313	0
109	append_latency	max_ns	array	70	313	0
109	append_latency	p50_ns	std	70	44	1
109	append_latency	p99_ns	std	70	353	1
109	append_latency	p999_ns	std	70	353	1
109	append_latency	max_ns	std	70	353	1
109	append_latency	p50_ns	ring	70	45	2
109	append_latency	p99_ns	ring	70	696	2
109	append_latency	p999_ns	ring	70	696	2
109	append_latency	max_ns	ring	70	696	2
110	append_popleft_steady	ns_per_op	std	87961	7.719987451171875	0
110	append_popleft_steady	ns_per_op	ring	87961	7.975475390625	1
110	append_popleft_steady	ns_per_op	array	87961	7.705589697265625	2
111	steady_maxlen_latency	p50_ns	ring	32	52	0
111	steady_maxlen_latency	p99_ns	ring	32	69	0
111	steady_maxlen_latency	p999_ns	ring	32	84	0
111	steady_maxlen_latency	max_ns	ring	32	2552	0
111	steady_maxlen_latency	p50_ns	array	32	47	1
111	steady_maxlen_latency	p99_ns	array	32	69	1
111	steady_maxlen_latency	p999_ns	array	32	88	1
111	steady_maxlen_latency	max_ns	array	32	2433	1
111	steady_maxlen_latency	p50_ns	std	32	50	2
111	steady_maxlen_latency	p99_ns	std	32	59	2
111	steady_maxlen_latency	p999_ns	std	32	75	2
111	steady_maxlen_latency	max_ns	std	32	1695	2
112	rotate1_steady	ns_per_op	std	443	11.622262109375	0
112	rotate1_steady	ns_per_op	array	443	21.0064580078125	1
112	rotate1_steady	ns_per_op	ring	443	13.58912216796875	2
113	append_latency	p50_ns	std	3	184	0
113	append_latency	p99_ns	std	3	332	0
113	append_latency	p999_ns	std	3	332	0
113	append_latency	max_ns	std	3	332	0
113	append_latency	p50_ns	ring	3	181	1
113	append_latency	p99_ns	ring	3	702	1
113	append_latency	p999_ns	ring	3	702	1
113	append_latency	max_ns	ring	3	702	1
113	append_latency	p50_ns	array	3	195	2
113	append_latency	p99_ns	array	3	311	2
113	append_latency	p999_ns	array	3	311	2
113	append_latency	max_ns	array	3	311	2
114	append_latency	p50_ns	ring	945	47	0
114	append_latency	p99_ns	ring	945	102	0
114	append_latency	p999_ns	ring	945	839	0
114	append_latency	max_ns	ring	945	839	0
114	append_latency	p50_ns	std	945	48	1
114	append_latency	p99_ns	std	945	104	1
114	append_latency	p999_ns	std	945	303	1
114	append_latency	max_ns	std	945	303	1
114	append_latency	p50_ns	array	945	46	2
114	append_latency	p99_ns	array	945	116	2
114	append_latency	p999_ns	array	945	437	2
114	append_latency	max_ns	array	945	437	2
115	append_latency	p50_ns	array	96	46	0
115	append_latency	p99_ns	array	96	222	0
115	append_latency	p999_ns	array	96	222	0
115	append_latency	max_ns	array	96	222	0
115	append_latency	p50_ns	ring	96	46	1
115	append_latency	p99_ns	ring	96	757	1
115	append_latency	p999_ns	ring	96	757	1
115	append_latency	max_ns	ring	96	757	1
115	append_latency	p50_ns	std	96	45	2
115	append_latency	p99_ns	std	96	230	2
115	append_latency	p999_ns	std	96	230	2
115	append_latency	max_ns	std	96	230	2
116	append_latency	p50_ns	array	417	70	0
116	append_latency	p99_ns	array	417	255	0
116	append_latency	p999_ns	array	417	403	0
116	append_latency	max_ns	array	417	403	0
116	append_latency	p50_ns	ring	417	45	1
116	append_latency	p99_ns	ring	417	117	1
116	append_latency	p999_ns	ring	417	683	1
116	append_latency	max_ns	ring	417	683	1
116	append_latency	p50_ns	std	417	68	2
116	append_latency	p99_ns	std	417	185	2
116	append_latency	p999_ns	std	417	404	2
116	append_latency	max_ns	std	417	404	2
117	append_latency	p50_ns	array	126	45	0
117	append_latency	p99_ns	array	126	266	0
117	append_latency	p999_ns	array	126	285	0
117	append_latency	max_ns	array	126	285	0
117	append_latency	p50_ns	std	126	70	1
117	append_latency	p99_ns	std	126	303	1
117	append_latency	p999_ns	std	126	481	1
117	append_latency	max_ns	std	126	481	1
117	append_latency	p50_ns	ring	126	46	2
117	append_latency	p99_ns	ring	126	224	2
117	append_latency	p999_ns	ring	126	860	2
117	append_latency	max_ns	ring	126	860	2
118	steady_maxlen_latency	p50_ns	array	39	48	0
118	steady_maxlen_latency	p99_ns	array	39	73	0
118	steady_maxlen_latency	p999_ns	array	39	90	0
118	steady_maxlen_latency	max_ns	array	39	303	0
118	steady_maxlen_latency	p50_ns	std	39	48	1
118	steady_maxlen_latency	p99_ns	std	39	63	1
118	steady_maxlen_latency	p999_ns	std	39	69	1
118	steady_maxlen_latency	max_ns	std	39	3176	1
118	steady_maxlen_latency	p50_ns	ring	39	72	2
118	steady_maxlen_latency	p99_ns	ring	39	82	2
118	steady_maxlen_latency	p999_ns	ring	39	95	2
118	steady_maxlen_latency	max_ns	ring	39	3000	2
119	append_only	ns_per_op	ring	1926	12.774513442692108	0
119	append_only	ns_per_op	std	1926	12.176189228505484	1
119	append_only	ns_per_op	array	1926	11.9087776033554	2
120	getitem_random	ns_per_op	ring	13	11.023205627441406	0
120	getitem_random	ns_per_op	array	13	8.480049621582031	1
120	getitem_random	ns_per_op	std	13	11.578272644042968	2
121	rotate1_steady	ns_per_op	std	5742	11.515887890625	0
121	rotate1_steady	ns_per_op	ring	5742	13.4668583984375	1
121	rotate1_steady	ns_per_op	array	5742	21.073381640625	2
122	append_popleft_steady	ns_per_op	ring	564	7.885654345703125	0
122	append_popleft_steady	ns_per_op	std	564	7.612648974609375	1
122	append_popleft_steady	ns_per_op	array	564	7.379953466796875	2
123	append_latency	p50_ns	array	3377	46	0
123	append_latency	p99_ns	array	3377	83	0
123	append_latency	p999_ns	array	3377	436	0
123	append_latency	max_ns	array	3377	2812	0
123	append_latency	p50_ns	std	3377	46	1
123	append_latency	p99_ns	std	3377	73	1
123	append_latency	p999_ns	std	3377	146	1
123	append_latency	max_ns	std	3377	317	1
123	append_latency	p50_ns	ring	3377	49	2
123	append_latency	p99_ns	ring	3377	70	2
123	append_latency	p999_ns	ring	3377	243	2
123	append_latency	max_ns	ring	3377	2422	2
124	append_latency	p50_ns	ring	6301	75	0
124	append_latency	p99_ns	ring	6301	92	0
124	append_latency	p999_ns	ring	6301	2054	0
124	append_latency	max_ns	ring	6301	20343	0
124	append_latency	p50_ns	std	6301	46	1
124	append_latency	p99_ns	std	6301	74	1
124	append_latency	p999_ns	std	6301	185	1
124	append_latency	max_ns	std	6301	1990	1
124	append_latency	p50_ns	array	6301	54	2
124	append_latency	p99_ns	array	6301	80	2
124	append_latency	p999_ns	array	6301	953	2
124	append_latency	max_ns	array	6301	7823	2
125	append_only	ns_per_op	array	448	9.677206788744245	0
125	append_only	ns_per_op	std	448	9.24507372719901	1
125	append_only	ns_per_op	ring	448	10.228297574179512	2
126	append_latency	p50_ns	std	727161	45	0
126	append_latency	p99_ns	std	727161	74	0
126	append_latency	p999_ns	std	727161	850	0
126	append_latency	max_ns	std	727161	215970	0
126	append_latency	p50_ns	array	727161	45	1
126	append_latency	p99_ns	array	727161	66	1
126	append_latency	p999_ns	array	727161	788	1
126	append_latency	max_ns	array	727161	1182452	1
126	append_latency	p50_ns	ring	727161	46	2
126	append_latency	p99_ns	ring	727161	70	2
126	append_latency	p999_ns	ring	727161	806	2
126	append_latency	max_ns	ring	727161	1418682	2
127	append_popleft_steady	ns_per_op	ring	21	7.77415205078125	0
127	append_popleft_steady	ns_per_op	array	21	7.90036328125	1
127	append_popleft_steady	ns_per_op	std	21	7.531687841796875	2
128	steady_maxlen_latency	p50_ns	ring	20	49	0
128	steady_maxlen_latency	p99_ns	ring	20	59	0
128	steady_maxlen_latency	p999_ns	ring	20	75	0
128	steady_maxlen_latency	max_ns	ring	20	3173	0
128	steady_maxlen_latency	p50_ns	std	20	48	1
128	steady_maxlen_latency	p99_ns	std	20	59	1
128	steady_maxlen_latency	p999_ns	std	20	69	1
128	steady_maxlen_latency	max_ns	std	20	1682	1
128	steady_maxlen_latency	p50_ns	array	20	48	2
128	steady_maxlen_latency	p99_ns	array	20	75	2
128	steady_maxlen_latency	p999_ns	array	20	86	2
128	steady_maxlen_latency	max_ns	array	20	3792	2
129	append_popleft_steady	ns_per_op	std	20	8.232583056640625	0
129	append_popleft_steady	ns_per_op	ring	20	9.35920400390625	1
129	append_popleft_steady	ns_per_op	array	20	8.018969873046874	2
130	append_popleft_steady	ns_per_op	array	457	7.344826171875	0
130	append_popleft_steady	ns_per_op	std	457	7.657991064453125	1
130	append_popleft_steady	ns_per_op	ring	457	7.820263330078125	2
131	append_popleft_steady	ns_per_op	std	2	7.45624052734375	0
131	append_popleft_steady	ns_per_op	array	2	9.889866015625	1
131	append_popleft_steady	ns_per_op	ring	2	7.934583203125	2
132	append_popleft_steady	ns_per_op	std	342376	7.848756689453125	0
132	append_popleft_steady	ns_per_op	ring	342376	8.357100927734376	1
132	append_popleft_steady	ns_per_op	array	342376	7.6433701171875	2
133	append_only	ns_per_op	ring	801770	27.697589240056374	0
133	append_only	ns_per_op	array	801770	24.584202763884903	1
133	append_only	ns_per_op	std	801770	23.9462816643177	2
134	append_latency	p50_ns	ring	79	68	0
134	append_latency	p99_ns	ring	79	936	0
134	append_latency	p999_ns	ring	79	936	0
134	append_latency	max_ns	ring	79	936	0
134	append_latency	p50_ns	array	79	44	1
134	append_latency	p99_ns	array	79	295	1
134	append_latency	p999_ns	array	79	295	1
134	append_latency	max_ns	array	79	295	1
134	append_latency	p50_ns	std	79	45	2
134	append_latency	p99_ns	std	79	255	2
134	append_latency	p999_ns	std	79	255	2
134	append_latency	max_ns	std	79	255	2
135	getitem_random	ns_per_op	ring	317068	12.457815307617187	0
135	getitem_random	ns_per_op	array	317068	10.794589660644531	1
135	getitem_random	ns_per_op	std	317068	1293.0501484375	2
136	append_only	ns_per_op	ring	91	9.283168247767858	0
136	append_only	ns_per_op	array	91	9.176691411615728	1
136	append_only	ns_per_op	std	91	8.31549533382877	2
137	rotate1_steady	ns_per_op	std	162	11.5024923828125	0
137	rotate1_steady	ns_per_op	array	162	21.28769921875	1
137	rotate1_steady	ns_per_op	ring	162	13.54920400390625	2
138	append_popleft_steady	ns_per_op	ring	1376	7.942908935546875	0
138	append_popleft_steady	ns_per_op	array	1376	7.47656396484375	1
138	append_popleft_steady	ns_per_op	std	1376	7.602087353515625	2
139	append_only	ns_per_op	ring	191146	21.33873289265797	0
139	append_only	ns_per_op	array	191146	21.12594904549402	1
139	append_only	ns_per_op	std	191146	18.66839107933203	2
140	append_only	ns_per_op	ring	16	12.853692412376404	0
140	append_only	ns_per_op	array	16	12.473928689956665	1
140	append_only	ns_per_op	std	16	12.203787207603455	2
141	rotate1_steady	ns_per_op	std	2	11.52755595703125	0
141	rotate1_steady	ns_per_op	ring	2	13.804850390625	1
141	rotate1_steady	ns_per_op	array	2	21.216593359375	2
142	steady_maxlen_latency	p50_ns	ring	11	49	0
142	steady_maxlen_latency	p99_ns	ring	11	60	0
142	steady_maxlen_latency	p999_ns	ring	11	67	0
142	steady_maxlen_latency	max_ns	ring	11	3468	0
142	steady_maxlen_latency	p50_ns	array	11	72	1
142	steady_maxlen_latency	p99_ns	array	11	97	1
142	steady_maxlen_latency	p999_ns	array	11	108	1
142	steady_maxlen_latency	max_ns	array	11	535	1
142	steady_maxlen_latency	p50_ns	std	11	49	2
142	steady_maxlen_latency	p99_ns	std	11	59	2
142	steady_maxlen_latency	p999_ns	std	11	74	2
142	steady_maxlen_latency	max_ns	std	11	2301	2
143	getitem_random	ns_per_op	std	4	11.264992065429688	0
143	getitem_random	ns_per_op	ring	4	11.080449096679688	1
143	getitem_random	ns_per_op	array	4	8.46937335205078	2
144	rotate1_steady	ns_per_op	std	417496	11.51975087890625	0
144	rotate1_steady	ns_per_op	ring	417496	13.38072373046875	1
144	rotate1_steady	ns_per_op	array	417496	21.2896384765625	2
145	append_only	ns_per_op	ring	4759	13.311536775714435	0
145	append_only	ns_per_op	array	4759	12.342589985750683	1
145	append_only	ns_per_op	std	4759	12.742599343021118	2
146	append_latency	p50_ns	ring	97	45	0
146	append_latency	p99_ns	ring	97	716	0
146	append_latency	p999_ns	ring	97	716	0
146	append_latency	max_ns	ring	97	716	0
146	append_latency	p50_ns	std	97	68	1
146	append_latency	p99_ns	std	97	427	1
146	append_latency	p999_ns	std	97	427	1
146	append_latency	max_ns	std	97	427	1
146	append_latency	p50_ns	array	97	43	2
146	append_latency	p99_ns	array	97	443	2
146	append_latency	p999_ns	array	97	443	2
146	append_latency	max_ns	array	97	443	2
147	append_latency	p50_ns	std	109	47	0
147	append_latency	p99_ns	std	109	179	0
147	append_latency	p999_ns	std	109	315	0
147	append_latency	max_ns	std	109	315	0
147	append_latency	p50_ns	ring	109	51	1
147	append_latency	p99_ns	ring	109	219	1
147	append_latency	p999_ns	ring	109	760	1
147	append_latency	max_ns	ring	109	760	1
147	append_latency	p50_ns	array	109	67	2
147	append_latency	p99_ns	array	109	339	2
147	append_latency	p999_ns	array	109	427	2
147	append_latency	max_ns	array	109	427	2
148	append_only	ns_per_op	array	3	27.24047629038493	0
148	append_only	ns_per_op	ring	3	29.649431864420574	1
148	append_only	ns_per_op	std	3	30.268014589945476	2
149	getitem_random	ns_per_op	ring	624	15.956646728515626	0
149	getitem_random	ns_per_op	array	624	13.010877319335938	1
149	getitem_random	ns_per_op	std	624	12.947609130859375	2
150	rotate1_steady	ns_per_op	std	28	11.4810830078125	0
150	rotate1_steady	ns_per_op	array	28	21.28914609375	1
150	rotate1_steady	ns_per_op	ring	28	13.50989375	2
151	append_latency	p50_ns	ring	8	55	0
151	append_latency	p99_ns	ring	8	606	0
151	append_latency	p999_ns	ring	8	606	0
151	append_latency	max_ns	ring	8	606	0
151	append_latency	p50_ns	std	8	115	1
151	append_latency	p99_ns	std	8	351	1
151	append_latency	p999_ns	std	8	351	1
151	append_latency	max_ns	std	8	351	1
151	append_latency	p50_ns	array	8	111	2
151	append_latency	p99_ns	array	8	301	2
151	append_latency	p999_ns	array	8	301	2
151	append_latency	max_ns	array	8	301	2
152	append_latency	p50_ns	ring	389568	47	0
152	append_latency	p99_ns	ring	389568	73	0
152	append_latency	p999_ns	ring	389568	792	0
152	append_latency	max_ns	ring	389568	698240	0
152	append_latency	p50_ns	std	389568	50	1
152	append_latency	p99_ns	std	389568	78	1
152	append_latency	p999_ns	std	389568	852	1
152	append_latency	max_ns	std	389568	56562	1
152	append_latency	p50_ns	array	389568	44	2
152	append_latency	p99_ns	array	389568	74	2
152	append_latency	p999_ns	array	389568	706	2
152	append_latency	max_ns	array	389568	718416	2
153	rotate1_steady	ns_per_op	ring	31	13.49851796875	0
153	rotate1_steady	ns_per_op	std	31	11.4977501953125	1
153	rotate1_steady	ns_per_op	array	31	20.9592337890625	2
154	rotate1_steady	ns_per_op	std	436419	11.55596083984375	0
154	rotate1_steady	ns_per_op	ring	436419	13.365449609375	1
154	rotate1_steady	ns_per_op	array	436419	20.9498560546875	2
155	rotate1_steady	ns_per_op	array	4	21.4174828125	0
155	rotate1_steady	ns_per_op	std	4	11.49553828125	1
155	rotate1_steady	ns_per_op	ring	4	13.435755859375	2
156	rotate1_steady	ns_per_op	ring	37	13.4463619140625	0
156	rotate1_steady	ns_per_op	std	37	11.51683662109375	1
156	rotate1_steady	ns_per_op	array	37	21.2945275390625	2
157	append_latency	p50_ns	std	1280	71	0
157	append_latency	p99_ns	std	1280	123	0
157	append_latency	p999_ns	std	1280	309	0
157	append_latency	max_ns	std	1280	456	0
157	append_latency	p50_ns	ring	1280	77	1
157	append_latency	p99_ns	ring	1280	149	1
157	append_latency	p999_ns	ring	1280	708	1
157	append_latency	max_ns	ring	1280	873	1
157	append_latency	p50_ns	array	1280	58	2
157	append_latency	p99_ns	array	1280	268	2
157	append_latency	p999_ns	array	1280	676	2
157	append_latency	max_ns	array	1280	1314	2
158	append_popleft_steady	ns_per_op	array	440600	7.754558056640625	0
158	append_popleft_steady	ns_per_op	std	440600	7.98183193359375	1
158	append_popleft_steady	ns_per_op	ring	440600	8.004521435546875	2
159	append_only	ns_per_op	std	19839	12.941608562207016	0
159	append_only	ns_per_op	array	19839	14.542194745828922	1
159	append_only	ns_per_op	ring	19839	16.037417125831695	2
160	getitem_random	ns_per_op	ring	28041	11.952726867675782	0
160	getitem_random	ns_per_op	std	28041	92.66443505859375	1
160	getitem_random	ns_per_op	array	28041	10.707597534179687	2
161	append_popleft_steady	ns_per_op	ring	1144	7.976699267578125	0
161	append_popleft_steady	ns_per_op	array	1144	7.460515673828125	1
161	append_popleft_steady	ns_per_op	std	1144	7.615553466796875	2
162	rotate1_steady	ns_per_op	std	2	11.49935458984375	0
162	rotate1_steady	ns_per_op	ring	2	13.78043984375	1
162	rotate1_steady	ns_per_op	array	2	21.260176953125	2
163	append_popleft_steady	ns_per_op	array	26	7.8474037109375	0
163	append_popleft_steady	ns_per_op	std	26	7.50149619140625	1
163	append_popleft_steady	ns_per_op	ring	26	7.81395693359375	2
164	steady_maxlen_latency	p50_ns	array	758	50	0
164	steady_maxlen_latency	p99_ns	array	758	56	0
164	steady_maxlen_latency	p999_ns	array	758	163	0
164	steady_maxlen_latency	max_ns	array	758	3502	0
164	steady_maxlen_latency	p50_ns	ring	758	51	1
164	steady_maxlen_latency	p99_ns	ring	758	77	1
164	steady_maxlen_latency	p999_ns	ring	758	113	1
164	steady_maxlen_latency	max_ns	ring	758	2163	1
164	steady_maxlen_latency	p50_ns	std	758	51	2
164	steady_maxlen_latency	p99_ns	std	758	65	2
164	steady_maxlen_latency	p999_ns	std	758	83	2
164	steady_maxlen_latency	max_ns	std	758	1965	2
165	append_latency	p50_ns	array	55	47	0
165	append_latency	p99_ns	array	55	317	0
165	append_latency	p999_ns	array	55	317	0
165	append_latency	max_ns	array	55	317	0
165	append_latency	p50_ns	std	55	45	1
165	append_latency	p99_ns	std	55	242	1
165	append_latency	p999_ns	std	55	242	1
165	append_latency	max_ns	std	55	242	1
165	append_latency	p50_ns	ring	55	47	2
165	append_latency	p99_ns	ring	55	1817	2
165	append_latency	p999_ns	ring	55	1817	2
165	append_latency	max_ns	ring	55	1817	2
166	steady_maxlen_latency	p50_ns	std	314091	54	0
166	steady_maxlen_latency	p99_ns	std	314091	67	0
166	steady_maxlen_latency	p999_ns	std	314091	175	0
166	steady_maxlen_latency	max_ns	std	314091	2760	0
166	steady_maxlen_latency	p50_ns	ring	314091	54	1
166	steady_maxlen_latency	p99_ns	ring	314091	71	1
166	steady_maxlen_latency	p999_ns	ring	314091	189	1
166	steady_maxlen_latency	max_ns	ring	314091	2957	1
166	steady_maxlen_latency	p50_ns	array	314091	50	2
166	steady_maxlen_latency	p99_ns	array	314091	81	2
166	steady_maxlen_latency	p999_ns	array	314091	824	2
166	steady_maxlen_latency	max_ns	array	314091	1440152	2
167	steady_maxlen_latency	p50_ns	ring	352	49	0
167	steady_maxlen_latency	p99_ns	ring	352	53	0
167	steady_maxlen_latency	p999_ns	ring	352	87	0
167	steady_maxlen_latency	max_ns	ring	352	411	0
167	steady_maxlen_latency	p50_ns	array	352	76	1
167	steady_maxlen_latency	p99_ns	array	352	81	1
167	steady_maxlen_latency	p999_ns	array	352	288	1
167	steady_maxlen_latency	max_ns	array	352	3663	1
167	steady_maxlen_latency	p50_ns	std	352	51	2
167	steady_maxlen_latency	p99_ns	std	352	65	2
167	steady_maxlen_latency	p999_ns	std	352	76	2
167	steady_maxlen_latency	max_ns	std	352	4402	2
168	append_latency	p50_ns	array	679685	48	0
168	append_latency	p99_ns	array	679685	72	0
168	append_latency	p999_ns	array	679685	786	0
168	append_latency	max_ns	array	679685	1250014	0
168	append_latency	p50_ns	std	679685	45	1
168	append_latency	p99_ns	std	679685	72	1
168	append_latency	p999_ns	std	679685	827	1
168	append_latency	max_ns	std	679685	3598	1
168	append_latency	p50_ns	ring	679685	49	2
168	append_latency	p99_ns	ring	679685	75	2
168	append_latency	p999_ns	ring	679685	812	2
168	append_latency	max_ns	ring	679685	1412658	2
169	getitem_random	ns_per_op	ring	15	13.0267998046875	0
169	getitem_random	ns_per_op	std	15	11.866917236328124	1
169	getitem_random	ns_per_op	array	15	8.489612548828125	2
170	append_latency	p50_ns	std	603	45	0
170	append_latency	p99_ns	std	603	112	0
170	append_latency	p999_ns	std	603	410	0
170	append_latency	max_ns	std	603	410	0
170	append_latency	p50_ns	ring	603	49	1
170	append_latency	p99_ns	ring	603	131	1
170	append_latency	p999_ns	ring	603	707	1
170	append_latency	max_ns	ring	603	707	1
170	append_latency	p50_ns	array	603	68	2
170	append_latency	p99_ns	array	603	221	2
170	append_latency	p999_ns	array	603	402	2
170	append_latency	max_ns	array	603	402	2
171	append_popleft_steady	ns_per_op	array	13	7.641385888671875	0
171	append_popleft_steady	ns_per_op	ring	13	8.1060802734375	1
171	append_popleft_steady	ns_per_op	std	13	7.54380712890625	2
172	getitem_random	ns_per_op	array	123919	13.364508056640625	0
172	getitem_random	ns_per_op	std	123919	552.42965234375	1
172	getitem_random	ns_per_op	ring	123919	12.431306640625	2
173	rotate1_steady	ns_per_op	array	176	21.586241015625	0
173	rotate1_steady	ns_per_op	ring	176	13.46970078125	1
173	rotate1_steady	ns_per_op	std	176	11.5018173828125	2
174	append_only	ns_per_op	ring	156	8.911632635654547	0
174	append_only	ns_per_op	array	156	8.628628853039864	1
174	append_only	ns_per_op	std	156	8.049758519881811	2
175	append_popleft_steady	ns_per_op	std	432677	7.774895849609375	0
175	append_popleft_steady	ns_per_op	ring	432677	8.1762525390625	1
175	append_popleft_steady	ns_per_op	array	432677	7.824826513671875	2
176	append_popleft_steady	ns_per_op	array	91	7.6351322265625	0
176	append_popleft_steady	ns_per_op	std	91	7.55599130859375	1
176	append_popleft_steady	ns_per_op	ring	91	7.82547548828125	2
177	rotate1_steady	ns_per_op	ring	9	13.3301763671875	0
177	rotate1_steady	ns_per_op	std	9	11.47705986328125	1
177	rotate1_steady	ns_per_op	array	9	21.366252734375	2
178	append_only	ns_per_op	std	106	8.593450798178619	0
178	append_only	ns_per_op	ring	106	9.044500674841538	1
178	append_only	ns_per_op	array	106	9.016902275805203	2
179	getitem_random	ns_per_op	ring	2034	12.9348525390625	0
179	getitem_random	ns_per_op	array	2034	11.045848449707032	1
179	getitem_random	ns_per_op	std	2034	15.154527709960938	2
180	steady_maxlen_latency	p50_ns	ring	3	48	0
180	steady_maxlen_latency	p99_ns	ring	3	65	0
180	steady_maxlen_latency	p999_ns	ring	3	77	0
180	steady_maxlen_latency	max_ns	ring	3	332	0
180	steady_maxlen_latency	p50_ns	std	3	73	1
180	steady_maxlen_latency	p99_ns	std	3	83	1
180	steady_maxlen_latency	p999_ns	std	3	96	1
180	steady_maxlen_latency	max_ns	std	3	3081	1
180	steady_maxlen_latency	p50_ns	array	3	54	2
180	steady_maxlen_latency	p99_ns	array	3	74	2
180	steady_maxlen_latency	p999_ns	array	3	80	2
180	steady_maxlen_latency	max_ns	array	3	3569	2
181	append_only	ns_per_op	std	223	7.786997978997338	0
181	append_only	ns_per_op	ring	223	8.510022561111793	1
181	append_only	ns_per_op	array	223	8.585356844914868	2
182	steady_maxlen_latency	p50_ns	array	2	53	0
182	steady_maxlen_latency	p99_ns	array	2	73	0
182	steady_maxlen_latency	p999_ns	array	2	79	0
182	steady_maxlen_latency	max_ns	array	2	387	0
182	steady_maxlen_latency	p50_ns	std	2	75	1
182	steady_maxlen_latency	p99_ns	std	2	85	1
182	steady_maxlen_latency	p999_ns	std	2	127	1
182	steady_maxlen_latency	max_ns	std	2	3829	1
182	steady_maxlen_latency	p50_ns	ring	2	50	2
182	steady_maxlen_latency	p99_ns	ring	2	52	2
182	steady_maxlen_latency	p999_ns	ring	2	89	2
182	steady_maxlen_latency	max_ns	ring	2	3096	2
183	append_only	ns_per_op	std	105521	17.255733603974566	0
183	append_only	ns_per_op	ring	105521	19.344354885520417	1
183	append_only	ns_per_op	array	105521	18.029469548715422	2
184	append_latency	p50_ns	array	80	46	0
184	append_latency	p99_ns	array	80	286	0
184	append_latency	p999_ns	array	80	286	0
184	append_latency	max_ns	array	80	286	0
184	append_latency	p50_ns	ring	80	53	1
184	append_latency	p99_ns	ring	80	641	1
184	append_latency	p999_ns	ring	80	641	1
184	append_latency	max_ns	ring	80	641	1
184	append_latency	p50_ns	std	80	48	2
184	append_latency	p99_ns	std	80	293	2
184	append_latency	p999_ns	std	80	293	2
184	append_latency	max_ns	std	80	293	2
185	append_popleft_steady	ns_per_op	std	61	7.460211669921875	0
185	append_popleft_steady	ns_per_op	array	61	7.538234521484375	1
185	append_popleft_steady	ns_per_op	ring	61	7.797125	2
186	getitem_random	ns_per_op	std	1	8.839191833496093	0
186	getitem_random	ns_per_op	array	1	8.4747255859375	1
186	getitem_random	ns_per_op	ring	1	11.056363647460937	2
187	rotate1_steady	ns_per_op	std	162279	11.595616796875	0
187	rotate1_steady	ns_per_op	ring	162279	13.6047078125	1
187	rotate1_steady	ns_per_op	array	162279	21.01153984375	2
188	append_only	ns_per_op	std	70	8.657050922938756	0
188	append_only	ns_per_op	array	70	9.197791344778878	1
188	append_only	ns_per_op	ring	70	10.088037872314453	2
189	steady_maxlen_latency	p50_ns	std	43	48	0
189	steady_maxlen_latency	p99_ns	std	43	58	0
189	steady_maxlen_latency	p999_ns	std	43	76	0
189	steady_maxlen_latency	max_ns	std	43	2181	0
189	steady_maxlen_latency	p50_ns	ring	43	48	1
189	steady_maxlen_latency	p99_ns	ring	43	73	1
189	steady_maxlen_latency	p999_ns	ring	43	99	1
189	steady_maxlen_latency	max_ns	ring	43	346	1
189	steady_maxlen_latency	p50_ns	array	43	49	2
189	steady_maxlen_latency	p99_ns	array	43	72	2
189	steady_maxlen_latency	p999_ns	array	43	134	2
189	steady_maxlen_latency	max_ns	array	43	380	2
190	steady_maxlen_latency	p50_ns	array	11852	52	0
190	steady_maxlen_latency	p99_ns	array	11852	71	0
190	steady_maxlen_latency	p999_ns	array	11852	580	0
190	steady_maxlen_latency	max_ns	array	11852	32565	0
190	steady_maxlen_latency	p50_ns	ring	11852	50	1
190	steady_maxlen_latency	p99_ns	ring	11852	69	1
190	steady_maxlen_latency	p999_ns	ring	11852	113	1
190	steady_maxlen_latency	max_ns	ring	11852	2923	1
190	steady_maxlen_latency	p50_ns	std	11852	48	2
190	steady_maxlen_latency	p99_ns	std	11852	58	2
190	steady_maxlen_latency	p999_ns	std	11852	76	2
190	steady_maxlen_latency	max_ns	std	11852	2397	2
191	append_popleft_steady	ns_per_op	std	4	7.43203486328125	0
191	append_popleft_steady	ns_per_op	ring	4	7.77001552734375	1
191	append_popleft_steady	ns_per_op	array	4	8.63821767578125	2
192	append_latency	p50_ns	std	18	48	0
192	append_latency	p99_ns	std	18	259	0
192	append_latency	p999_ns	std	18	259	0
192	append_latency	max_ns	std	18	259	0
192	append_latency	p50_ns	array	18	58	1
192	append_latency	p99_ns	array	18	321	1
192	append_latency	p999_ns	array	18	321	1
192	append_latency	max_ns	array	18	321	1
192	append_latency	p50_ns	ring	18	48	2
192	append_latency	p99_ns	ring	18	704	2
192	append_latency	p999_ns	ring	18	704	2
192	append_latency	max_ns	ring	18	704	2
193	append_popleft_steady	ns_per_op	ring	6516	8.03557724609375	0
193	append_popleft_steady	ns_per_op	array	6516	7.441076025390625	1
193	append_popleft_steady	ns_per_op	std	6516	7.65659912109375	2
194	getitem_random	ns_per_op	std	2738	16.48046154785156	0
194	getitem_random	ns_per_op	array	2738	10.479580505371093	1
194	getitem_random	ns_per_op	ring	2738	12.508461791992188	2
195	append_popleft_steady	ns_per_op	std	6	7.44656005859375	0
195	append_popleft_steady	ns_per_op	ring	6	8.355844677734375	1
195	append_popleft_steady	ns_per_op	array	6	8.089093701171874	2
196	append_latency	p50_ns	array	27344	47	0
196	append_latency	p99_ns	array	27344	69	0
196	append_latency	p999_ns	array	27344	754	0
196	append_latency	max_ns	array	27344	52223	0
196	append_latency	p50_ns	std	27344	47	1
196	append_latency	p99_ns	std	27344	74	1
196	append_latency	p999_ns	std	27344	775	1
196	append_latency	max_ns	std	27344	1956	1
196	append_latency	p50_ns	ring	27344	46	2
196	append_latency	p99_ns	ring	27344	66	2
196	append_latency	p999_ns	ring	27344	705	2
196	append_latency	max_ns	ring	27344	40075	2
197	append_only	ns_per_op	ring	7860	13.39979474793257	0
197	append_only	ns_per_op	std	7860	12.90383754274014	1
197	append_only	ns_per_op	array	7860	12.337371034112595	2
198	steady_maxlen_latency	p50_ns	array	266207	49	0
198	steady_maxlen_latency	p99_ns	array	266207	129	0
198	steady_maxlen_latency	p999_ns	array	266207	782	0
198	steady_maxlen_latency	max_ns	array	266207	682669	0
198	steady_maxlen_latency	p50_ns	std	266207	48	1
198	steady_maxlen_latency	p99_ns	std	266207	124	1
198	steady_maxlen_latency	p999_ns	std	266207	199	1
198	steady_maxlen_latency	max_ns	std	266207	13316	1
198	steady_maxlen_latency	p50_ns	ring	266207	49	2
198	steady_maxlen_latency	p99_ns	ring	266207	66	2
198	steady_maxlen_latency	p999_ns	ring	266207	172	2
198	steady_maxlen_latency	max_ns	ring	266207	3314	2
199	rotate1_steady	ns_per_op	ring	4522	13.30548271484375	0
199	rotate1_steady	ns_per_op	std	4522	11.50790283203125	1
199	rotate1_steady	ns_per_op	array	4522	20.9424765625	2
200	steady_maxlen_latency	p50_ns	std	14	48	0
200	steady_maxlen_latency	p99_ns	std	14	58	0
200	steady_maxlen_latency	p999_ns	std	14	77	0
200	steady_maxlen_latency	max_ns	std	14	1921	0
200	steady_maxlen_latency	p50_ns	ring	14	59	1
200	steady_maxlen_latency	p99_ns	ring	14	69	1
200	steady_maxlen_latency	p999_ns	ring	14	81	1
200	steady_maxlen_latency	max_ns	ring	14	278	1
200	steady_maxlen_latency	p50_ns	array	14	73	2
200	steady_maxlen_latency	p99_ns	array	14	97	2
200	steady_maxlen_latency	p999_ns	array	14	111	2
200	steady_maxlen_latency	max_ns	array	14	762	2
201	append_popleft_steady	ns_per_op	ring	51	7.7919658203125	0
201	append_popleft_steady	ns_per_op	array	51	7.62240380859375	1
201	append_popleft_steady	ns_per_op	std	51	7.51911005859375	2
202	append_popleft_steady	ns_per_op	ring	843	7.930802392578125	0
202	append_popleft_steady	ns_per_op	array	843	7.5359337890625	1
202	append_popleft_steady	ns_per_op	std	843	7.621846630859375	2
203	getitem_random	ns_per_op	ring	5	11.005386901855468	0
203	getitem_random	ns_per_op	array	5	8.482105041503907	1
203	getitem_random	ns_per_op	std	5	10.744044738769531	2
204	append_popleft_steady	ns_per_op	std	9555	7.694342919921875	0
204	append_popleft_steady	ns_per_op	array	9555	7.47354990234375	1
204	append_popleft_steady	ns_per_op	ring	9555	8.008733642578125	2
205	getitem_random	ns_per_op	std	23	11.982445495605468	0
205	getitem_random	ns_per_op	array	23	8.47603485107422	1
205	getitem_random	ns_per_op	ring	23	11.015746887207031	2
206	append_latency	p50_ns	array	111	46	0
206	append_latency	p99_ns	array	111	267	0
206	append_latency	p999_ns	array	111	317	0
206	append_latency	max_ns	array	111	317	0
206	append_latency	p50_ns	std	111	44	1
206	append_latency	p99_ns	std	111	193	1
206	append_latency	p999_ns	std	111	228	1
206	append_latency	max_ns	std	111	228	1
206	append_latency	p50_ns	ring	111	46	2
206	append_latency	p99_ns	ring	111	225	2
206	append_latency	p999_ns	ring	111	693	2
206	append_latency	max_ns	ring	111	693	2
207	append_popleft_steady	ns_per_op	array	18213	7.452659130859375	0
207	append_popleft_steady	ns_per_op	ring	18213	7.919572998046875	1
207	append_popleft_steady	ns_per_op	std	18213	7.587910400390625	2
208	steady_maxlen_latency	p50_ns	ring	5	50	0
208	steady_maxlen_latency	p99_ns	ring	5	60	0
208	steady_maxlen_latency	p999_ns	ring	5	76	0
208	steady_maxlen_latency	max_ns	ring	5	483	0
208	steady_maxlen_latency	p50_ns	array	5	94	1
208	steady_maxlen_latency	p99_ns	array	5	101	1
208	steady_maxlen_latency	p999_ns	array	5	142	1
208	steady_maxlen_latency	max_ns	array	5	2476	1
208	steady_maxlen_latency	p50_ns	std	5	50	2
208	steady_maxlen_latency	p99_ns	std	5	63	2
208	steady_maxlen_latency	p999_ns	std	5	76	2
208	steady_maxlen_latency	max_ns	std	5	3034	2
209	rotate1_steady	ns_per_op	ring	2382	13.31317587890625	0
209	rotate1_steady	ns_per_op	std	2382	11.60699833984375	1
209	rotate1_steady	ns_per_op	array	2382	21.099684765625	2
210	append_latency	p50_ns	array	6	199	0
210	append_latency	p99_ns	array	6	299	0
210	append_latency	p999_ns	array	6	299	0
210	append_latency	max_ns	array	6	299	0
210	append_latency	p50_ns	ring	6	78	1
210	append_latency	p99_ns	ring	6	901	1
210	append_latency	p999_ns	ring	6	901	1
210	append_latency	max_ns	ring	6	901	1
210	append_latency	p50_ns	std	6	78	2
210	append_latency	p99_ns	std	6	255	2
210	append_latency	p999_ns	std	6	255	2
210	append_latency	max_ns	std	6	255	2
211	getitem_random	ns_per_op	array	4233	10.521917053222657	0
211	getitem_random	ns_per_op	std	4233	19.558539428710937	1
211	getitem_random	ns_per_op	ring	4233	12.193698120117187	2
212	getitem_random	ns_per_op	ring	59803	12.287175048828125	0
212	getitem_random	ns_per_op	std	59803	227.348119140625	1
212	getitem_random	ns_per_op	array	59803	10.940026306152344	2
213	steady_maxlen_latency	p50_ns	array	6	55	0
213	steady_maxlen_latency	p99_ns	array	6	74	0
213	steady_maxlen_latency	p999_ns	array	6	89	0
213	steady_maxlen_latency	max_ns	array	6	2411	0
213	steady_maxlen_latency	p50_ns	std	6	49	1
213	steady_maxlen_latency	p99_ns	std	6	61	1
213	steady_maxlen_latency	p999_ns	std	6	75	1
213	steady_maxlen_latency	max_ns	std	6	12862	1
213	steady_maxlen_latency	p50_ns	ring	6	49	2
213	steady_maxlen_latency	p99_ns	ring	6	60	2
213	steady_maxlen_latency	p999_ns	ring	6	90	2
213	steady_maxlen_latency	max_ns	ring	6	328	2
214	rotate1_steady	ns_per_op	ring	149	13.5459345703125	0
214	rotate1_steady	ns_per_op	std	149	11.508064453125	1
214	rotate1_steady	ns_per_op	array	149	21.0825490234375	2
215	append_only	ns_per_op	array	183378	20.643923173717678	0
215	append_only	ns_per_op	ring	183378	21.249963702025326	1
215	append_only	ns_per_op	std	183378	18.280329088004013	2
216	append_popleft_steady	ns_per_op	std	8375	7.679310205078125	0
216	append_popleft_steady	ns_per_op	ring	8375	8.060884521484375	1
216	append_popleft_steady	ns_per_op	array	8375	7.513005712890625	2
217	append_only	ns_per_op	std	3937	12.534298130119698	0
217	append_only	ns_per_op	ring	3937	13.137582698993523	1
217	append_only	ns_per_op	array	3937	12.115556588535052	2
218	getitem_random	ns_per_op	array	698424	11.13748486328125	0
218	getitem_random	ns_per_op	std	698424	8280.6559375	1
218	getitem_random	ns_per_op	ring	698424	12.554435546875	2
219	append_popleft_steady	ns_per_op	array	152	7.698664794921875	0
219	append_popleft_steady	ns_per_op	std	152	7.4971	1
219	append_popleft_steady	ns_per_op	ring	152	7.8474828125	2
220	rotate1_steady	ns_per_op	std	63	11.48649912109375	0
220	rotate1_steady	ns_per_op	array	63	21.1949638671875	1
220	rotate1_steady	ns_per_op	ring	63	13.32551318359375	2
221	rotate1_steady	ns_per_op	std	480	11.5933951171875	0
221	rotate1_steady	ns_per_op	ring	480	13.4901361328125	1
221	rotate1_steady	ns_per_op	array	480	21.061401953125	2
222	steady_maxlen_latency	p50_ns	ring	1220	50	0
222	steady_maxlen_latency	p99_ns	ring	1220	93	0
222	steady_maxlen_latency	p999_ns	ring	1220	227	0
222	steady_maxlen_latency	max_ns	ring	1220	4320	0
222	steady_maxlen_latency	p50_ns	array	1220	49	1
222	steady_maxlen_latency	p99_ns	array	1220	62	1
222	steady_maxlen_latency	p999_ns	array	1220	292	1
222	steady_maxlen_latency	max_ns	array	1220	4013	1
222	steady_maxlen_latency	p50_ns	std	1220	78	2
222	steady_maxlen_latency	p99_ns	std	1220	88	2
222	steady_maxlen_latency	p999_ns	std	1220	145	2
222	steady_maxlen_latency	max_ns	std	1220	3285	2
223	steady_maxlen_latency	p50_ns	ring	7078	77	0
223	steady_maxlen_latency	p99_ns	ring	7078	82	0
223	steady_maxlen_latency	p999_ns	ring	7078	104	0
223	steady_maxlen_latency	max_ns	ring	7078	2581	0
223	steady_maxlen_latency	p50_ns	array	7078	71	1
223	steady_maxlen_latency	p99_ns	array	7078	75	1
223	steady_maxlen_latency	p999_ns	array	7078	840	1
223	steady_maxlen_latency	max_ns	array	7078	34460	1
223	steady_maxlen_latency	p50_ns	std	7078	48	2
223	steady_maxlen_latency	p99_ns	std	7078	57	2
223	steady_maxlen_latency	p999_ns	std	7078	133	2
223	steady_maxlen_latency	max_ns	std	7078	3005	2
224	append_popleft_steady	ns_per_op	array	43920	7.541538330078125	0
224	append_popleft_steady	ns_per_op	ring	43920	8.030978955078124	1
224	append_popleft_steady	ns_per_op	std	43920	7.74770634765625	2
225	getitem_random	ns_per_op	ring	153	11.015631896972657	0
225	getitem_random	ns_per_op	array	153	8.477321594238282	1
225	getitem_random	ns_per_op	std	153	11.959435668945313	2
226	steady_maxlen_latency	p50_ns	std	1995	48	0
226	steady_maxlen_latency	p99_ns	std	1995	63	0
226	steady_maxlen_latency	p999_ns	std	1995	74	0
226	steady_maxlen_latency	max_ns	std	1995	1493	0
226	steady_maxlen_latency	p50_ns	array	1995	49	1
226	steady_maxlen_latency	p99_ns	array	1995	56	1
226	steady_maxlen_latency	p999_ns	array	1995	408	1
226	steady_maxlen_latency	max_ns	array	1995	2420	1
226	steady_maxlen_latency	p50_ns	ring	1995	49	2
226	steady_maxlen_latency	p99_ns	ring	1995	65	2
226	steady_maxlen_latency	p999_ns	ring	1995	80	2
226	steady_maxlen_latency	max_ns	ring	1995	2729	2
227	append_latency	p50_ns	ring	43	46	0
227	append_latency	p99_ns	ring	43	779	0
227	append_latency	p999_ns	ring	43	779	0
227	append_latency	max_ns	ring	43	779	0
227	append_latency	p50_ns	std	43	46	1
227	append_latency	p99_ns	std	43	212	1
227	append_latency	p999_ns	std	43	212	1
227	append_latency	max_ns	std	43	212	1
227	append_latency	p50_ns	array	43	48	2
227	append_latency	p99_ns	array	43	415	2
227	append_latency	p999_ns	array	43	415	2
227	append_latency	max_ns	array	43	415	2
228	steady_maxlen_latency	p50_ns	std	51	51	0
228	steady_maxlen_latency	p99_ns	std	51	84	0
228	steady_maxlen_latency	p999_ns	std	51	109	0
228	steady_maxlen_latency	max_ns	std	51	1661	0
228	steady_maxlen_latency	p50_ns	array	51	47	1
228	steady_maxlen_latency	p99_ns	array	51	73	1
228	steady_maxlen_latency	p999_ns	array	51	86	1
228	steady_maxlen_latency	max_ns	array	51	3643	1
228	steady_maxlen_latency	p50_ns	ring	51	49	2
228	steady_maxlen_latency	p99_ns	ring	51	72	2
228	steady_maxlen_latency	p999_ns	ring	51	108	2
228	steady_maxlen_latency	max_ns	ring	51	396	2
229	rotate1_steady	ns_per_op	std	133	11.50529111328125	0
229	rotate1_steady	ns_per_op	array	133	21.327598046875	1
229	rotate1_steady	ns_per_op	ring	133	13.36334423828125	2
230	getitem_random	ns_per_op	array	4	8.4823525390625	0
230	getitem_random	ns_per_op	ring	4	11.049158935546876	1
230	getitem_random	ns_per_op	std	4	12.2189189453125	2
231	getitem_random	ns_per_op	array	1	9.484768798828124	0
231	getitem_random	ns_per_op	ring	1	11.038845581054687	1
231	getitem_random	ns_per_op	std	1	8.844854919433594	2
232	getitem_random	ns_per_op	std	41284	143.80034765625	0
232	getitem_random	ns_per_op	array	41284	10.799490173339844	1
232	getitem_random	ns_per_op	ring	41284	12.224801513671874	2
233	append_popleft_steady	ns_per_op	std	734	7.557291015625	0
233	append_popleft_steady	ns_per_op	array	734	7.3860990234375	1
233	append_popleft_steady	ns_per_op	ring	734	7.864181103515625	2
234	append_popleft_steady	ns_per_op	array	1591	7.49222939453125	0
234	append_popleft_steady	ns_per_op	ring	1591	7.960633935546875	1
234	append_popleft_steady	ns_per_op	std	1591	7.6174748046875	2
235	append_latency	p50_ns	ring	937964	50	0
235	append_latency	p99_ns	ring	937964	78	0
235	append_latency	p999_ns	ring	937964	771	0
235	append_latency	max_ns	ring	937964	1327557	0
235	append_latency	p50_ns	array	937964	47	1
235	append_latency	p99_ns	array	937964	83	1
235	append_latency	p999_ns	array	937964	776	1
235	append_latency	max_ns	array	937964	2853558	1
235	append_latency	p50_ns	std	937964	46	2
235	append_latency	p99_ns	std	937964	91	2
235	append_latency	p999_ns	std	937964	919	2
235	append_latency	max_ns	std	937964	9914	2
236	append_only	ns_per_op	ring	2	40.52816867828369	0
236	append_only	ns_per_op	array	2	36.74875259399414	1
236	append_only	ns_per_op	std	2	42.0734224319458	2
237	append_popleft_steady	ns_per_op	ring	881	8.733295654296874	0
237	append_popleft_steady	ns_per_op	array	881	7.7211658203125	1
237	append_popleft_steady	ns_per_op	std	881	8.3800669921875	2
238	steady_maxlen_latency	p50_ns	std	1970	72	0
238	steady_maxlen_latency	p99_ns	std	1970	82	0
238	steady_maxlen_latency	p999_ns	std	1970	149	0
238	steady_maxlen_latency	max_ns	std	1970	2914	0
238	steady_maxlen_latency	p50_ns	ring	1970	73	1
238	steady_maxlen_latency	p99_ns	ring	1970	75	1
238	steady_maxlen_latency	p999_ns	ring	1970	142	1
238	steady_maxlen_latency	max_ns	ring	1970	2394	1
238	steady_maxlen_latency	p50_ns	array	1970	77	2
238	steady_maxlen_latency	p99_ns	array	1970	81	2
238	steady_maxlen_latency	p999_ns	array	1970	693	2
238	steady_maxlen_latency	max_ns	array	1970	1734	2
239	append_popleft_steady	ns_per_op	array	26	7.854359716796875	0
239	append_popleft_steady	ns_per_op	std	26	12.22886875	1
239	append_popleft_steady	ns_per_op	ring	26	7.799269189453125	2
240	append_popleft_steady	ns_per_op	array	1262	7.527581884765625	0
240	append_popleft_steady	ns_per_op	std	1262	7.849699658203125	1
240	append_popleft_steady	ns_per_op	ring	1262	7.9398244140625	2
241	rotate1_steady	ns_per_op	array	2773	21.087235546875	0
241	rotate1_steady	ns_per_op	std	2773	11.59926474609375	1
241	rotate1_steady	ns_per_op	ring	2773	13.6120673828125	2
242	append_latency	p50_ns	array	15012	46	0
242	append_latency	p99_ns	array	15012	73	0
242	append_latency	p999_ns	array	15012	892	0
242	append_latency	max_ns	array	15012	32655	0
242	append_latency	p50_ns	std	15012	49	1
242	append_latency	p99_ns	std	15012	77	1
242	append_latency	p999_ns	std	15012	852	1
242	append_latency	max_ns	std	15012	2526	1
242	append_latency	p50_ns	ring	15012	50	2
242	append_latency	p99_ns	ring	15012	74	2
242	append_latency	p999_ns	ring	15012	747	2
242	append_latency	max_ns	ring	15012	15340	2
243	rotate1_steady	ns_per_op	ring	432637	13.69284404296875	0
243	rotate1_steady	ns_per_op	array	432637	22.147537890625	1
243	rotate1_steady	ns_per_op	std	432637	11.48156416015625	2
244	steady_maxlen_latency	p50_ns	ring	70	51	0
244	steady_maxlen_latency	p99_ns	ring	70	69	0
244	steady_maxlen_latency	p999_ns	ring	70	99	0
244	steady_maxlen_latency	max_ns	ring	70	2976	0
244	steady_maxlen_latency	p50_ns	array	70	52	1
244	steady_maxlen_latency	p99_ns	array	70	100	1
244	steady_maxlen_latency	p999_ns	array	70	107	1
244	steady_maxlen_latency	max_ns	array	70	479	1
244	steady_maxlen_latency	p50_ns	std	70	81	2
244	steady_maxlen_latency	p99_ns	std	70	91	2
244	steady_maxlen_latency	p999_ns	std	70	140	2
244	steady_maxlen_latency	max_ns	std	70	2646	2
245	rotate1_steady	ns_per_op	array	348	21.0509884765625	0
245	rotate1_steady	ns_per_op	std	348	11.48747314453125	1
245	rotate1_steady	ns_per_op	ring	348	13.740479296875	2
246	rotate1_steady	ns_per_op	std	9	12.1518265625	0
246	rotate1_steady	ns_per_op	array	9	21.2849880859375	1
246	rotate1_steady	ns_per_op	ring	9	13.3288482421875	2
247	append_latency	p50_ns	array	523523	46	0
247	append_latency	p99_ns	array	523523	69	0
247	append_latency	p999_ns	array	523523	726	0
247	append_latency	max_ns	array	523523	748947	0
247	append_latency	p50_ns	ring	523523	58	1
247	append_latency	p99_ns	ring	523523	88	1
247	append_latency	p999_ns	ring	523523	906	1
247	append_latency	max_ns	ring	523523	704017	1
247	append_latency	p50_ns	std	523523	48	2
247	append_latency	p99_ns	std	523523	84	2
247	append_latency	p999_ns	std	523523	805	2
247	append_latency	max_ns	std	523523	10091	2
248	append_latency	p50_ns	array	72904	76	0
248	append_latency	p99_ns	array	72904	90	0
248	append_latency	p999_ns	array	72904	1145	0
248	append_latency	max_ns	array	72904	231415	0
248	append_latency	p50_ns	ring	72904	48	1
248	append_latency	p99_ns	ring	72904	70	1
248	append_latency	p999_ns	ring	72904	786	1
248	append_latency	max_ns	ring	72904	168199	1
248	append_latency	p50_ns	std	72904	68	2
248	append_latency	p99_ns	std	72904	99	2
248	append_latency	p999_ns	std	72904	1193	2
248	append_latency	max_ns	std	72904	3984	2
249	append_latency	p50_ns	ring	83187	52	0
249	append_latency	p99_ns	ring	83187	84	0
249	append_latency	p999_ns	ring	83187	784	0
249	append_latency	max_ns	ring	83187	215435	0
249	append_latency	p50_ns	std	83187	46	1
249	append_latency	p99_ns	std	83187	85	1
249	append_latency	p999_ns	std	83187	866	1
249	append_latency	max_ns	std	83187	4253	1
249	append_latency	p50_ns	array	83187	75	2
249	append_latency	p99_ns	array	83187	90	2
249	append_latency	p999_ns	array	83187	1050	2
249	append_latency	max_ns	array	83187	228292	2
250	getitem_random	ns_per_op	ring	354	14.217842529296876	0
250	getitem_random	ns_per_op	std	354	11.926852722167968	1
250	getitem_random	ns_per_op	array	354	11.716705993652344	2
251	rotate1_steady	ns_per_op	ring	20	13.6190427734375	0
251	rotate1_steady	ns_per_op	array	20	21.1537517578125	1
251	rotate1_steady	ns_per_op	std	20	11.4845552734375	2
252	append_latency	p50_ns	std	382494	51	0
252	append_latency	p99_ns	std	382494	78	0
252	append_latency	p999_ns	std	382494	770	0
252	append_latency	max_ns	std	382494	2740	0
252	append_latency	p50_ns	array	382494	74	1
252	append_latency	p99_ns	array	382494	87	1
252	append_latency	p999_ns	array	382494	1175	1
252	append_latency	max_ns	array	382494	1280444	1
252	append_latency	p50_ns	ring	382494	47	2
252	append_latency	p99_ns	ring	382494	72	2
252	append_latency	p999_ns	ring	382494	771	2
252	append_latency	max_ns	ring	382494	613971	2
253	steady_maxlen_latency	p50_ns	ring	414068	52	0
253	steady_maxlen_latency	p99_ns	ring	414068	66	0
253	steady_maxlen_latency	p999_ns	ring	414068	165	0
253	steady_maxlen_latency	max_ns	ring	414068	4883	0
253	steady_maxlen_latency	p50_ns	std	414068	50	1
253	steady_maxlen_latency	p99_ns	std	414068	66	1
253	steady_maxlen_latency	p999_ns	std	414068	168	1
253	steady_maxlen_latency	max_ns	std	414068	3889	1
253	steady_maxlen_latency	p50_ns	array	414068	50	2
253	steady_maxlen_latency	p99_ns	array	414068	64	2
253	steady_maxlen_latency	p999_ns	array	414068	755	2
253	steady_maxlen_latency	max_ns	array	414068	846346	2
254	append_latency	p50_ns	ring	289	71	0
254	append_latency	p99_ns	ring	289	252	0
254	append_latency	p999_ns	ring	289	1010	0
254	append_latency	max_ns	ring	289	1010	0
254	append_latency	p50_ns	array	289	68	1
254	append_latency	p99_ns	array	289	302	1
254	append_latency	p999_ns	array	289	465	1
254	append_latency	max_ns	array	289	465	1
254	append_latency	p50_ns	std	289	46	2
254	append_latency	p99_ns	std	289	194	2
254	append_latency	p999_ns	std	289	310	2
254	append_latency	max_ns	std	289	310	2
255	append_popleft_steady	ns_per_op	std	10	7.743185693359375	0
255	append_popleft_steady	ns_per_op	array	10	13.4141220703125	1
255	append_popleft_steady	ns_per_op	ring	10	8.03331689453125	2
256	append_popleft_steady	ns_per_op	ring	1	8.090318310546875	0
256	append_popleft_steady	ns_per_op	std	1	12.51601533203125	1
256	append_popleft_steady	ns_per_op	array	1	15.266874609375	2
257	getitem_random	ns_per_op	array	244519	21.947035034179688	0
257	getitem_random	ns_per_op	ring	244519	24.271921264648437	1
257	getitem_random	ns_per_op	std	244519	1010.464875	2
258	append_latency	p50_ns	std	1	525	0
258	append_latency	p99_ns	std	1	525	0
258	append_latency	p999_ns	std	1	525	0
258	append_latency	max_ns	std	1	525	0
258	append_latency	p50_ns	ring	1	932	1
258	append_latency	p99_ns	ring	1	932	1
258	append_latency	p999_ns	ring	1	932	1
258	append_latency	max_ns	ring	1	932	1
258	append_latency	p50_ns	array	1	442	2
258	append_latency	p99_ns	array	1	442	2
258	append_latency	p999_ns	array	1	442	2
258	append_latency	max_ns	array	1	442	2
259	getitem_random	ns_per_op	array	99	8.78032763671875	0
259	getitem_random	ns_per_op	ring	99	11.422405029296876	1
259	getitem_random	ns_per_op	std	99	13.114302124023437	2
260	getitem_random	ns_per_op	array	933	12.110974975585938	0
260	getitem_random	ns_per_op	std	933	25.44789697265625	1
260	getitem_random	ns_per_op	ring	933	22.70378625488281	2
261	append_only	ns_per_op	ring	1	114.47630786895752	0
261	append_only	ns_per_op	std	1	118.93316078186035	1
261	append_only	ns_per_op	array	1	69.06378746032715	2
262	append_only	ns_per_op	std	2649	12.834983241022556	0
262	append_only	ns_per_op	array	2649	12.46073418772414	1
262	append_only	ns_per_op	ring	2649	19.298127315142505	2
263	append_latency	p50_ns	ring	87	71	0
263	append_latency	p99_ns	ring	87	839	0
263	append_latency	p999_ns	ring	87	839	0
263	append_latency	max_ns	ring	87	839	0
263	append_latency	p50_ns	array	87	67	1
263	append_latency	p99_ns	array	87	396	1
263	append_latency	p999_ns	array	87	396	1
263	append_latency	max_ns	array	87	396	1
263	append_latency	p50_ns	std	87	47	2
263	append_latency	p99_ns	std	87	499	2
263	append_latency	p999_ns	std	87	499	2
263	append_latency	max_ns	std	87	499	2
264	steady_maxlen_latency	p50_ns	std	284	49	0
264	steady_maxlen_latency	p99_ns	std	284	88	0
264	steady_maxlen_latency	p999_ns	std	284	150	0
264	steady_maxlen_latency	max_ns	std	284	1779	0
264	steady_maxlen_latency	p50_ns	ring	284	49	1
264	steady_maxlen_latency	p99_ns	ring	284	67	1
264	steady_maxlen_latency	p999_ns	ring	284	105	1
264	steady_maxlen_latency	max_ns	ring	284	308	1
264	steady_maxlen_latency	p50_ns	array	284	52	2
264	steady_maxlen_latency	p99_ns	array	284	68	2
264	steady_maxlen_latency	p999_ns	array	284	196	2
264	steady_maxlen_latency	max_ns	array	284	1203	2
265	rotate1_steady	ns_per_op	array	15566	21.8500978515625	0
265	rotate1_steady	ns_per_op	std	15566	13.844208203125	1
265	rotate1_steady	ns_per_op	ring	15566	14.10906015625	2
266	append_only	ns_per_op	ring	34	11.388925776762122	0
266	append_only	ns_per_op	std	34	16.090956070843866	1
266	append_only	ns_per_op	array	34	18.84077543370864	2
267	append_only	ns_per_op	ring	978	12.86063177502716	0
267	append_only	ns_per_op	array	978	18.530744369288406	1
267	append_only	ns_per_op	std	978	18.69374530690823	2
268	append_latency	p50_ns	std	10	54	0
268	append_latency	p99_ns	std	10	295	0
268	append_latency	p999_ns	std	10	295	0
268	append_latency	max_ns	std	10	295	0
268	append_latency	p50_ns	array	10	95	1
268	append_latency	p99_ns	array	10	292	1
268	append_latency	p999_ns	array	10	292	1
268	append_latency	max_ns	array	10	292	1
268	append_latency	p50_ns	ring	10	67	2
268	append_latency	p99_ns	ring	10	711	2
268	append_latency	p999_ns	ring	10	711	2
268	append_latency	max_ns	ring	10	711	2
269	getitem_random	ns_per_op	array	43	8.815170837402343	0
269	getitem_random	ns_per_op	std	43	12.27893994140625	1
269	getitem_random	ns_per_op	ring	43	11.289357177734376	2
270	rotate1_steady	ns_per_op	array	70136	22.512196875	0
270	rotate1_steady	ns_per_op	ring	70136	16.06319326171875	1
270	rotate1_steady	ns_per_op	std	70136	13.6505830078125	2
271	append_latency	p50_ns	std	345711	78	0
271	append_latency	p99_ns	std	345711	111	0
271	append_latency	p999_ns	std	345711	1227	0
271	append_latency	max_ns	std	345711	26422	0
271	append_latency	p50_ns	array	345711	71	1
271	append_latency	p99_ns	array	345711	85	1
271	append_latency	p999_ns	array	345711	1102	1
271	append_latency	max_ns	array	345711	727210	1
271	append_latency	p50_ns	ring	345711	50	2
271	append_latency	p99_ns	ring	345711	98	2
271	append_latency	p999_ns	ring	345711	750	2
271	append_latency	max_ns	ring	345711	617241	2
272	rotate1_steady	ns_per_op	std	12010	12.51138916015625	0
272	rotate1_steady	ns_per_op	ring	12010	13.587696484375	1
272	rotate1_steady	ns_per_op	array	12010	21.5601837890625	2
273	append_latency	p50_ns	std	8	55	0
273	append_latency	p99_ns	std	8	247	0
273	append_latency	p999_ns	std	8	247	0
273	append_latency	max_ns	std	8	247	0
273	append_latency	p50_ns	array	8	136	1
273	append_latency	p99_ns	array	8	423	1
273	append_latency	p999_ns	array	8	423	1
273	append_latency	max_ns	array	8	423	1
273	append_latency	p50_ns	ring	8	127	2
273	append_latency	p99_ns	ring	8	899	2
273	append_latency	p999_ns	ring	8	899	2
273	append_latency	max_ns	ring	8	899	2
274	append_only	ns_per_op	array	37	10.31728847606762	0
274	append_only	ns_per_op	std	37	15.360239080480627	1
274	append_only	ns_per_op	ring	37	10.971037684260187	2
275	append_latency	p50_ns	ring	2740	71	0
275	append_latency	p99_ns	ring	2740	95	0
275	append_latency	p999_ns	ring	2740	987	0
275	append_latency	max_ns	ring	2740	5828	0
275	append_latency	p50_ns	array	2740	80	1
275	append_latency	p99_ns	array	2740	121	1
275	append_latency	p999_ns	array	2740	1035	1
275	append_latency	max_ns	array	2740	4348	1
275	append_latency	p50_ns	std	2740	45	2
275	append_latency	p99_ns	std	2740	72	2
275	append_latency	p999_ns	std	2740	145	2
275	append_latency	max_ns	std	2740	361	2
276	steady_maxlen_latency	p50_ns	ring	15	71	0
276	steady_maxlen_latency	p99_ns	ring	15	81	0
276	steady_maxlen_latency	p999_ns	ring	15	156	0
276	steady_maxlen_latency	max_ns	ring	15	3167	0
276	steady_maxlen_latency	p50_ns	std	15	72	1
276	steady_maxlen_latency	p99_ns	std	15	88	1
276	steady_maxlen_latency	p999_ns	std	15	101	1
276	steady_maxlen_latency	max_ns	std	15	2555	1
276	steady_maxlen_latency	p50_ns	array	15	77	2
276	steady_maxlen_latency	p99_ns	array	15	101	2
276	steady_maxlen_latency	p999_ns	array	15	147	2
276	steady_maxlen_latency	max_ns	array	15	2045	2
277	append_popleft_steady	ns_per_op	ring	16	10.07171005859375	0
277	append_popleft_steady	ns_per_op	array	16	7.983882666015625	1
277	append_popleft_steady	ns_per_op	std	16	12.44705947265625	2
278	steady_maxlen_latency	p50_ns	array	1682	51	0
278	steady_maxlen_latency	p99_ns	array	1682	102	0
278	steady_maxlen_latency	p999_ns	array	1682	388	0
278	steady_maxlen_latency	max_ns	array	1682	3597	0
278	steady_maxlen_latency	p50_ns	std	1682	78	1
278	steady_maxlen_latency	p99_ns	std	1682	88	1
278	steady_maxlen_latency	p999_ns	std	1682	157	1
278	steady_maxlen_latency	max_ns	std	1682	2469	1
278	steady_maxlen_latency	p50_ns	ring	1682	50	2
278	steady_maxlen_latency	p99_ns	ring	1682	99	2
278	steady_maxlen_latency	p999_ns	ring	1682	165	2
278	steady_maxlen_latency	max_ns	ring	1682	353	2
279	append_latency	p50_ns	std	27	78	0
279	append_latency	p99_ns	std	27	601	0
279	append_latency	p999_ns	std	27	601	0
279	append_latency	max_ns	std	27	601	0
279	append_latency	p50_ns	array	27	79	1
279	append_latency	p99_ns	array	27	463	1
279	append_latency	p999_ns	array	27	463	1
279	append_latency	max_ns	array	27	463	1
279	append_latency	p50_ns	ring	27	66	2
279	append_latency	p99_ns	ring	27	1227	2
279	append_latency	p999_ns	ring	27	1227	2
279	append_latency	max_ns	ring	27	1227	2
280	append_popleft_steady	ns_per_op	ring	5370	8.235914013671875	0
280	append_popleft_steady	ns_per_op	array	5370	7.6187791015625	1
280	append_popleft_steady	ns_per_op	std	5370	11.66116748046875	2
281	append_popleft_steady	ns_per_op	array	60	8.577450439453125	0
281	append_popleft_steady	ns_per_op	ring	60	12.43422099609375	1
281	append_popleft_steady	ns_per_op	std	60	8.78701552734375	2
282	steady_maxlen_latency	p50_ns	ring	583647	72	0
282	steady_maxlen_latency	p99_ns	ring	583647	88	0
282	steady_maxlen_latency	p999_ns	ring	583647	190	0
282	steady_maxlen_latency	max_ns	ring	583647	38581	0
282	steady_maxlen_latency	p50_ns	array	583647	75	1
282	steady_maxlen_latency	p99_ns	array	583647	84	1
282	steady_maxlen_latency	p999_ns	array	583647	1483	1
282	steady_maxlen_latency	max_ns	array	583647	2198722	1
282	steady_maxlen_latency	p50_ns	std	583647	75	2
282	steady_maxlen_latency	p99_ns	std	583647	86	2
282	steady_maxlen_latency	p999_ns	std	583647	109	2
282	steady_maxlen_latency	max_ns	std	583647	7527	2
283	rotate1_steady	ns_per_op	array	121	21.894334765625	0
283	rotate1_steady	ns_per_op	std	121	19.6354201171875	1
283	rotate1_steady	ns_per_op	ring	121	13.84283466796875	2
284	steady_maxlen_latency	p50_ns	array	1395	73	0
284	steady_maxlen_latency	p99_ns	array	1395	115	0
284	steady_maxlen_latency	p999_ns	array	1395	432	0
284	steady_maxlen_latency	max_ns	array	1395	4121	0
284	steady_maxlen_latency	p50_ns	ring	1395	50	1
284	steady_maxlen_latency	p99_ns	ring	1395	70	1
284	steady_maxlen_latency	p999_ns	ring	1395	101	1
284	steady_maxlen_latency	max_ns	ring	1395	347	1
284	steady_maxlen_latency	p50_ns	std	1395	49	2
284	steady_maxlen_latency	p99_ns	std	1395	58	2
284	steady_maxlen_latency	p999_ns	std	1395	79	2
284	steady_maxlen_latency	max_ns	std	1395	1950	2
285	getitem_random	ns_per_op	array	44745	10.745457214355469	0
285	getitem_random	ns_per_op	ring	44745	12.659904296875	1
285	getitem_random	ns_per_op	std	44745	155.6449638671875	2
286	append_only	ns_per_op	array	623882	24.254210932516084	0
286	append_only	ns_per_op	ring	623882	25.64012445462443	1
286	append_only	ns_per_op	std	623882	22.51465902205866	2
287	rotate1_steady	ns_per_op	std	79036	11.74122626953125	0
287	rotate1_steady	ns_per_op	ring	79036	20.6367501953125	1
287	rotate1_steady	ns_per_op	array	79036	21.2065236328125	2
288	getitem_random	ns_per_op	array	5	8.93636767578125	0
288	getitem_random	ns_per_op	ring	5	11.056450073242187	1
288	getitem_random	ns_per_op	std	5	10.901700317382813	2
289	getitem_random	ns_per_op	std	15852	73.43467919921875	0
289	getitem_random	ns_per_op	array	15852	14.247123657226563	1
289	getitem_random	ns_per_op	ring	15852	12.243076782226563	2
290	append_only	ns_per_op	array	1204	11.667342784792877	0
290	append_only	ns_per_op	ring	1204	21.39676440673017	1
290	append_only	ns_per_op	std	1204	16.616645686254152	2
291	rotate1_steady	ns_per_op	ring	9188	14.37253525390625	0
291	rotate1_steady	ns_per_op	array	9188	21.4580306640625	1
291	rotate1_steady	ns_per_op	std	9188	11.947746484375	2
292	append_latency	p50_ns	std	8860	47	0
292	append_latency	p99_ns	std	8860	74	0
292	append_latency	p999_ns	std	8860	144	0
292	append_latency	max_ns	std	8860	2672	0
292	append_latency	p50_ns	array	8860	48	1
292	append_latency	p99_ns	array	8860	103	1
292	append_latency	p999_ns	array	8860	1029	1
292	append_latency	max_ns	array	8860	6661	1
292	append_latency	p50_ns	ring	8860	73	2
292	append_latency	p99_ns	ring	8860	89	2
292	append_latency	p999_ns	ring	8860	1216	2
292	append_latency	max_ns	ring	8860	22092	2
293	getitem_random	ns_per_op	array	345	12.133174194335938	0
293	getitem_random	ns_per_op	std	345	12.576853271484374	1
293	getitem_random	ns_per_op	ring	345	14.19479931640625	2
294	append_only	ns_per_op	array	462	10.150064773889847	0
294	append_only	ns_per_op	std	462	9.807144825592701	1
294	append_only	ns_per_op	ring	462	10.332425072079612	2
295	rotate1_steady	ns_per_op	std	28	11.84796064453125	0
295	rotate1_steady	ns_per_op	ring	28	13.88250478515625	1
295	rotate1_steady	ns_per_op	array	28	21.2191669921875	2
296	append_only	ns_per_op	array	41	10.215587336842606	0
296	append_only	ns_per_op	std	41	9.877223410257479	1
296	append_only	ns_per_op	ring	41	10.392388599674875	2
297	append_only	ns_per_op	std	4	25.573538541793823	0
297	append_only	ns_per_op	array	4	22.065636157989502	1
297	append_only	ns_per_op	ring	4	24.31705951690674	2
298	append_latency	p50_ns	ring	97102	74	0
298	append_latency	p99_ns	ring	97102	88	0
298	append_latency	p999_ns	ring	97102	1292	0
298	append_latency	max_ns	ring	97102	241942	0
298	append_latency	p50_ns	std	97102	72	1
298	append_latency	p99_ns	std	97102	99	1
298	append_latency	p999_ns	std	97102	1123	1
298	append_latency	max_ns	std	97102	108102	1
298	append_latency	p50_ns	array	97102	47	2
298	append_latency	p99_ns	array	97102	73	2
298	append_latency	p999_ns	array	97102	715	2
298	append_latency	max_ns	array	97102	157068	2
299	steady_maxlen_latency	p50_ns	array	5178	74	0
299	steady_maxlen_latency	p99_ns	array	5178	79	0
299	steady_maxlen_latency	p999_ns	array	5178	1481	0
299	steady_maxlen_latency	max_ns	array	5178	18502	0
299	steady_maxlen_latency	p50_ns	std	5178	75	1
299	steady_maxlen_latency	p99_ns	std	5178	85	1
299	steady_maxlen_latency	p999_ns	std	5178	161	1
299	steady_maxlen_latency	max_ns	std	5178	9527	1
299	steady_maxlen_latency	p50_ns	ring	5178	76	2
299	steady_maxlen_latency	p99_ns	ring	5178	80	2
299	steady_maxlen_latency	p999_ns	ring	5178	111	2
299	steady_maxlen_latency	max_ns	ring	5178	4486	2
